id,latitude,longitude,bright_ti4,bright_ti5,frp,confidence,acq_date,acq_time,satellite,daynight,nearest_facility_id,nearest_facility_type,distance_to_nearest_facility,land_cover_code,land_cover_class,grid_cell,count_30d,count_90d,count_365d,persistence_ratio,frp_mean,frp_std,frp_zscore,cluster_size,cluster_growth,month,weak_label
1,21.01926,83.63205,331.77,296.1,2.63,n,2024-01-01,703,N,D,281,industrial,10247.735316233406,,,6219_24743,1,1,1,0.14285714285714285,2.63,0.1,0.0,1,0,1,other_false_positive
2,21.35789,83.09488,333.13,297.07,1.59,n,2024-01-01,703,N,D,33,power_plant,7206.1367729769045,,,6319_24584,1,1,1,0.14285714285714285,1.59,0.1,0.0,1,0,1,other_false_positive
3,21.43336,83.55381,326.81,294.71,2.32,n,2024-01-01,703,N,D,169,industrial,1104.5063381805032,,,6341_24720,1,1,1,0.14285714285714285,2.32,0.1,0.0,1,0,1,other_false_positive
4,21.46871,83.23014,340.92,295.46,2.15,n,2024-01-01,703,N,D,144,industrial,21544.211447733815,,,6352_24624,1,1,1,0.14285714285714285,2.15,0.1,0.0,1,0,1,other_false_positive
5,21.47505,83.40755,326.96,296.36,4.03,n,2024-01-01,703,N,D,163,industrial,9756.38559295569,,,6354_24677,1,1,1,0.14285714285714285,4.03,0.1,0.0,1,0,1,other_false_positive
6,21.65611,83.33041,351.03,298.67,15.11,n,2024-01-01,703,N,D,67,quarry,5222.286162627111,,,6407_24654,1,1,1,0.14285714285714285,15.11,0.1,0.0,3,0,1,other_false_positive
7,21.66223,83.30997,339.63,298.58,4.95,n,2024-01-01,703,N,D,67,quarry,3080.5420085156416,,,6409_24648,1,1,1,0.14285714285714285,4.95,0.1,0.0,3,0,1,other_false_positive
8,21.66291,83.31393,339.4,298.27,10.53,n,2024-01-01,703,N,D,67,quarry,3493.9178316006814,,,6409_24649,1,1,1,0.14285714285714285,10.53,0.1,0.0,3,0,1,other_false_positive
9,21.68018,83.00089,332.65,298.87,1.63,n,2024-01-01,703,N,D,66,quarry,6064.608089817918,,,6414_24556,1,1,1,0.14285714285714285,1.63,0.1,0.0,1,0,1,other_false_positive
10,21.76317,83.14947,326.71,297.7,1.83,l,2024-01-01,703,N,D,65,quarry,8492.551837782015,,,6439_24600,1,1,1,0.14285714285714285,1.83,0.1,0.0,3,0,1,other_false_positive
11,21.78437,83.15097,327.23,298.34,1.95,l,2024-01-01,703,N,D,65,quarry,8629.353212107177,,,6445_24601,1,1,1,0.14285714285714285,1.95,0.1,0.0,3,0,1,other_false_positive
12,21.78502,83.15404,333.85,298.49,2.87,n,2024-01-01,703,N,D,65,quarry,8953.59292989816,,,6445_24602,1,1,1,0.14285714285714285,2.87,0.1,0.0,3,0,1,other_false_positive
13,21.78612,84.41218,331.78,297.39,3.08,n,2024-01-01,703,N,D,97,industrial,28990.9705386335,,,6446_24974,1,1,1,0.14285714285714285,3.08,0.1,0.0,2,0,1,other_false_positive
14,21.78918,84.40998,333.13,296.94,5.06,n,2024-01-01,703,N,D,97,industrial,28706.528530625976,,,6447_24973,1,1,1,0.14285714285714285,5.06,0.1,0.0,2,0,1,other_false_positive
15,21.83985,83.0664,329.07,299.06,1.94,n,2024-01-01,703,N,D,65,quarry,7261.235519597846,,,6461_24576,1,1,1,0.14285714285714285,1.94,0.1,0.0,2,0,1,other_false_positive
16,21.88649,83.0957,332.75,299.39,1.75,n,2024-01-01,703,N,D,34,power_plant,2578.3345182917406,,,6475_24585,1,1,1,0.14285714285714285,1.75,0.1,0.0,2,0,1,other_false_positive
17,21.91959,83.34998,328.6,301.77,4.52,l,2024-01-01,703,N,D,399,power_plant,829.501352564119,,,6485_24660,1,1,1,0.7142857142857143,2.841666666666667,1.3575480347548172,1.2362975676484638,4,0,1,other_false_positive
18,21.96828,83.089,328.51,298.47,1.39,n,2024-01-01,703,N,D,60,industrial,5639.131179826269,,,6499_24583,1,1,1,0.14285714285714285,1.39,0.1,0.0,3,0,1,other_false_positive
19,21.97692,83.08054,333.08,297.8,4.17,n,2024-01-01,703,N,D,60,industrial,6485.039915783766,,,6502_24580,1,1,1,0.14285714285714285,4.17,0.1,0.0,3,0,1,other_false_positive
20,21.99023,83.04475,326.57,297.72,1.28,n,2024-01-01,703,N,D,60,industrial,10330.899755616663,,,6506_24569,1,1,1,0.14285714285714285,1.28,0.1,0.0,3,0,1,other_false_positive
21,22.04132,83.73877,334.97,301.54,7.12,n,2024-01-01,703,N,D,59,quarry,2037.1865233418023,,,6521_24775,2,2,2,0.7142857142857143,4.322222222222222,2.7628417335136017,1.0126449676217055,7,0,1,other_false_positive
22,21.67929,84.03858,314.78,290.64,3.12,n,2024-01-01,1932,N,N,304,industrial,528.0707504534784,,,6414_24863,1,1,1,0.5714285714285714,2.545,0.847919021290752,0.6781307949958494,2,0,1,other_false_positive
23,21.67968,84.03934,316.19,290.96,2.87,n,2024-01-01,1932,N,N,304,industrial,507.4036740715152,,,6414_24864,1,1,1,0.8571428571428571,2.6955555555555555,1.2316057720625453,0.1416398399565033,2,0,1,other_false_positive
24,21.7341,83.98046,300.03,289.4,1.21,n,2024-01-01,1932,N,N,57,quarry,667.7891485713328,,,6430_24846,1,1,1,0.2857142857142857,1.375,0.23334523779156074,-0.7071067811865475,1,0,1,other_false_positive
25,21.75371,84.02166,300.71,289.33,1.76,n,2024-01-01,1932,N,N,6,industrial,623.8842679446825,,,6436_24858,1,1,1,0.42857142857142855,2.06,0.485386443980464,-0.6180642325727468,6,0,1,other_false_positive
26,21.75426,83.83812,304.78,288.36,3.31,n,2024-01-01,1932,N,N,354,industrial,236.21773208121414,,,6436_24804,1,1,1,0.2857142857142857,2.41,1.2727922061357857,0.7071067811865474,2,0,1,other_false_positive
27,21.75845,84.0223,306.62,290.8,1.76,n,2024-01-01,1932,N,N,6,industrial,161.63307496725946,,,6437_24859,1,1,1,0.8571428571428571,2.7885714285714287,1.0967137057504808,-0.937866850006746,6,0,1,industrial_persistent
28,21.75848,83.84422,323.74,290.97,3.31,n,2024-01-01,1932,N,N,354,industrial,1015.4120265492377,,,6437_24806,1,1,1,0.2857142857142857,3.21,0.14142135623730964,0.7071067811865475,2,0,1,other_false_positive
29,21.7632,84.02293,302.02,289.64,1.75,n,2024-01-01,1932,N,N,6,industrial,473.4561924544343,,,6439_24859,1,1,1,0.14285714285714285,1.75,0.1,0.0,6,0,1,other_false_positive
30,21.7638,84.01747,308.56,291.0,1.75,n,2024-01-01,1932,N,N,6,industrial,619.7283203629253,,,6439_24857,1,1,1,0.42857142857142855,1.7866666666666664,0.28676354952004146,-0.12786376346657624,6,0,1,other_false_positive
31,21.76795,84.02351,314.06,288.26,1.75,n,2024-01-01,1932,N,N,408,power_plant,611.3886979805537,,,6440_24859,1,1,1,0.42857142857142855,1.16,0.6002499479383567,0.982923867009799,6,0,1,other_false_positive
32,21.76855,84.01809,308.33,290.85,1.75,n,2024-01-01,1932,N,N,408,power_plant,207.5808037237029,,,6440_24857,1,1,1,0.5714285714285714,2.0975,1.162938089495739,-0.29881212348172326,6,0,1,other_false_positive
33,21.8772,83.49504,297.82,287.81,1.14,n,2024-01-01,1932,N,N,70,industrial,135.93459798933748,,,6473_24703,1,1,1,0.14285714285714285,1.14,0.1,0.0,1,0,1,other_false_positive
34,21.92236,83.34997,327.51,293.59,5.48,n,2024-01-01,1932,N,N,399,power_plant,617.5858987135126,,,6486_24660,1,1,1,0.7142857142857143,3.918,1.424849309771232,1.0962562772696214,4,0,1,other_false_positive
35,21.92362,83.33787,298.71,288.1,5.32,n,2024-01-01,1932,N,N,399,power_plant,765.9777317356352,,,6486_24656,1,1,1,0.42857142857142855,3.483333333333333,1.9716067897360605,0.9315582986567734,4,0,1,other_false_positive
36,21.9795,83.23993,302.25,288.78,1.39,n,2024-01-01,1932,N,N,23,industrial,740.3329821613307,,,6503_24627,1,1,1,0.14285714285714285,1.39,0.1,0.0,1,0,1,other_false_positive
37,21.98632,83.36418,297.69,287.35,0.39,n,2024-01-01,1932,N,N,129,industrial,1753.4804504105716,,,6505_24664,1,1,1,0.2857142857142857,0.585,0.27577164466275356,-0.7071067811865472,4,0,1,other_false_positive
38,22.03574,83.72983,299.44,286.9,1.36,n,2024-01-01,1932,N,N,59,quarry,2552.0374024877888,,,6519_24772,1,1,1,0.14285714285714285,1.36,0.1,0.0,7,0,1,other_false_positive
39,22.03794,83.3541,301.17,288.38,1.13,n,2024-01-01,1932,N,N,46,industrial,2796.0511155424215,,,6520_24661,1,1,1,0.5714285714285714,1.3625,0.4733832133342569,-0.4911454260542851,2,0,1,other_false_positive
40,22.03858,83.34806,299.76,287.75,1.13,n,2024-01-01,1932,N,N,46,industrial,2450.4677658821483,,,6520_24659,1,1,1,0.14285714285714285,1.13,0.1,0.0,2,0,1,other_false_positive
41,22.04002,83.73611,321.37,289.66,5.22,n,2024-01-01,1932,N,N,59,quarry,2165.6954956960817,,,6521_24774,2,2,2,0.7142857142857143,4.3,1.8616428996223429,0.4941871506004902,7,0,1,other_false_positive
42,22.04118,83.74098,308.1,290.22,2.64,n,2024-01-01,1932,N,N,59,quarry,1861.9274059673244,,,6521_24775,2,2,2,0.7142857142857143,4.322222222222222,2.7628417335136017,-0.6088739003094764,7,0,1,other_false_positive
43,22.0418,83.73531,322.86,290.38,5.91,n,2024-01-01,1932,N,N,59,quarry,2347.5451787849292,,,6521_24774,2,2,2,0.7142857142857143,4.3,1.8616428996223429,0.864827513550858,7,0,1,other_false_positive
44,22.04488,83.73665,304.88,288.66,1.18,n,2024-01-01,1932,N,N,350,quarry,2190.5490882825798,,,6522_24774,1,1,1,0.8571428571428571,2.0955555555555554,0.8400611750210683,-1.0898677177082894,7,0,1,other_false_positive
45,22.05578,83.72646,298.73,288.54,1.08,n,2024-01-01,1932,N,N,350,quarry,591.4498884455389,,,6525_24771,1,1,1,0.2857142857142857,1.365,0.40305086527633194,-0.7071067811865476,7,0,1,other_false_positive
46,22.10202,83.12024,304.91,288.8,1.14,n,2024-01-01,1932,N,N,108,quarry,1027.800546356111,,,6539_24592,2,2,2,0.5714285714285714,1.416,0.41608893280163073,-0.6633197334560741,4,0,1,other_false_positive
47,22.10329,83.11993,309.3,289.5,1.64,n,2024-01-01,1932,N,N,108,quarry,1061.011656554139,,,6539_24592,2,2,2,0.5714285714285714,1.416,0.41608893280163073,0.5383464503411615,4,0,1,other_false_positive
48,22.10677,83.124,302.84,288.07,0.57,n,2024-01-01,1932,N,N,108,quarry,1622.147697487581,,,6540_24593,1,1,1,0.42857142857142855,0.79,0.22000000000000008,-1.0,4,0,1,other_false_positive
49,22.10689,83.5209,301.83,288.58,1.98,n,2024-01-01,1932,N,N,117,industrial,128.5409412069316,,,6540_24710,1,1,1,0.14285714285714285,1.98,0.1,0.0,1,0,1,other_false_positive
50,22.10801,83.12366,302.99,288.31,0.98,n,2024-01-01,1932,N,N,108,quarry,1675.947000748659,,,6541_24593,1,1,1,0.14285714285714285,0.98,0.1,0.0,4,0,1,other_false_positive
51,22.20172,84.57629,299.83,288.06,0.89,n,2024-01-01,1932,N,N,409,industrial_works,1187.0324181799572,,,6569_25023,1,1,1,0.42857142857142855,0.6900000000000001,0.19078784028338916,1.048284836721918,1,0,1,other_false_positive
52,22.21102,84.86427,303.27,289.67,2.07,n,2024-01-01,1932,N,N,179,power_plant,1760.9029512894833,,,6571_25108,1,1,1,0.42857142857142855,1.2433333333333332,0.729474696842415,1.1332355601160045,1,0,1,other_false_positive
53,22.22333,84.75658,298.15,287.51,1.21,n,2024-01-01,1932,N,N,68,industrial,45.11183369189681,,,6575_25076,1,1,1,0.14285714285714285,1.21,0.1,0.0,2,0,1,other_false_positive
54,22.22389,84.75162,299.13,287.94,1.21,n,2024-01-01,1932,N,N,95,industrial,502.7057446612419,,,6575_25074,1,1,1,0.7142857142857143,1.3439999999999999,0.3884971042363121,-0.3449189158395667,2,0,1,other_false_positive
55,21.05429,83.78074,327.62,293.61,3.32,n,2024-01-02,644,N,D,361,power_plant,7311.989775223487,,,6229_24787,1,1,1,0.14285714285714285,3.32,0.1,0.0,1,0,1,other_false_positive
56,21.22692,83.16543,343.38,295.34,7.67,n,2024-01-02,644,N,D,33,power_plant,16789.43250412403,,,6280_24605,2,2,2,0.14285714285714285,8.82,1.6263455967290599,-0.7071067811865475,6,0,1,other_false_positive
57,21.22872,83.16212,329.13,293.95,5.66,n,2024-01-02,644,N,D,33,power_plant,16396.05548534313,,,6281_24604,1,1,1,0.14285714285714285,5.66,0.1,0.0,6,0,1,other_false_positive
58,21.28249,83.68457,328.12,293.64,3.06,n,2024-01-02,644,N,D,302,industrial,3354.1539986119656,,,6297_24759,1,1,1,0.14285714285714285,3.06,0.1,0.0,1,0,1,other_false_positive
59,21.42702,83.60952,326.33,293.81,2.71,n,2024-01-02,644,N,D,275,industrial,2770.599990193333,,,6339_24737,1,1,1,0.14285714285714285,2.71,0.1,0.0,1,0,1,other_false_positive
60,21.5652,84.08074,327.43,293.88,2.15,n,2024-01-02,644,N,D,387,quarry,4599.972120950549,,,6380_24876,1,1,1,0.14285714285714285,2.15,0.1,0.0,1,0,1,other_false_positive
61,21.57952,83.59495,331.44,293.76,5.58,n,2024-01-02,644,N,D,111,industrial,9446.313461286842,,,6384_24732,1,1,1,0.14285714285714285,5.58,0.1,0.0,2,0,1,other_false_positive
62,21.58102,83.59737,334.15,293.63,5.79,n,2024-01-02,644,N,D,111,industrial,9731.326672581783,,,6385_24733,1,1,1,0.14285714285714285,5.79,0.1,0.0,2,0,1,other_false_positive
63,21.65929,83.38902,333.86,295.84,7.58,n,2024-01-02,644,N,D,177,industrial,5731.311193113581,,,6408_24671,2,2,2,0.14285714285714285,6.970000000000001,0.8626702730475881,0.7071067811865467,6,3,1,other_false_positive
64,21.66216,83.40084,326.75,296.09,6.39,n,2024-01-02,644,N,D,177,industrial,4567.813267162308,,,6409_24675,1,1,1,0.14285714285714285,6.39,0.1,0.0,3,0,1,other_false_positive
65,21.76489,84.17506,367.0,296.58,13.79,h,2024-01-02,644,N,D,97,industrial,8594.486459404061,,,6439_24904,1,1,1,0.14285714285714285,13.79,0.1,0.0,1,0,1,other_false_positive
66,21.85373,83.00826,327.63,293.99,3.71,n,2024-01-02,644,N,D,65,quarry,10763.123221750717,,,6466_24559,1,1,1,0.14285714285714285,3.71,0.1,0.0,1,-1,1,other_false_positive
67,21.92225,83.35085,325.89,296.18,5.16,n,2024-01-02,644,N,D,399,power_plant,701.0383711886441,,,6486_24660,3,3,3,0.7142857142857143,3.918,1.424849309771232,0.8716711244358959,11,7,1,other_false_positive
68,21.09064,83.03484,332.69,294.8,3.63,n,2024-01-02,825,N,D,134,industrial,1923.3139190075942,,,6240_24567,1,1,1,0.14285714285714285,3.63,0.1,0.0,1,0,1,other_false_positive
69,21.22078,83.1666,330.75,294.11,3.04,n,2024-01-02,825,N,D,128,industrial,17078.44169013717,,,6278_24606,1,1,1,0.14285714285714285,3.04,0.1,0.0,6,0,1,other_false_positive
70,21.22488,83.16015,328.17,294.29,4.43,n,2024-01-02,825,N,D,128,industrial,16329.54220888712,,,6280_24604,2,2,2,0.14285714285714285,6.025,2.2556706319850868,-0.7071067811865478,6,0,1,other_false_positive
71,21.2253,83.16485,343.07,294.72,9.97,n,2024-01-02,825,N,D,128,industrial,16799.472177369065,,,6280_24605,2,2,2,0.14285714285714285,8.82,1.6263455967290599,0.7071067811865475,6,0,1,other_false_positive
72,21.22647,83.16151,345.52,294.69,7.62,n,2024-01-02,825,N,D,128,industrial,16434.56534159485,,,6280_24604,2,2,2,0.14285714285714285,6.025,2.2556706319850868,0.7071067811865474,6,0,1,other_false_positive
73,21.39499,83.6416,328.04,295.68,3.45,n,2024-01-02,825,N,D,276,industrial,2014.7299848250202,,,6330_24746,1,1,1,0.14285714285714285,3.45,0.1,0.0,1,0,1,other_false_positive
74,21.52451,83.2623,338.17,296.79,7.18,n,2024-01-02,825,N,D,67,quarry,15232.148649935663,,,6368_24634,1,1,1,0.14285714285714285,7.18,0.1,0.0,1,0,1,other_false_positive
75,21.61877,83.00145,329.36,296.07,2.24,n,2024-01-02,825,N,D,66,quarry,5316.007420122555,,,6396_24557,1,1,1,0.14285714285714285,2.24,0.1,0.0,1,0,1,other_false_positive
76,21.64905,83.35427,339.59,296.79,9.97,n,2024-01-02,825,N,D,67,quarry,7778.32657117982,,,6405_24661,1,1,1,0.14285714285714285,9.97,0.1,0.0,6,3,1,other_false_positive
77,21.6492,83.35232,346.67,296.23,3.36,n,2024-01-02,825,N,D,67,quarry,7576.552699299781,,,6405_24660,1,1,1,0.14285714285714285,3.36,0.1,0.0,6,3,1,other_false_positive
78,21.64963,83.35732,327.57,295.86,3.36,n,2024-01-02,825,N,D,67,quarry,8079.415287893316,,,6405_24662,1,1,1,0.14285714285714285,3.36,0.1,0.0,6,3,1,other_false_positive
79,21.65838,83.38696,330.19,296.78,6.36,n,2024-01-02,825,N,D,177,industrial,5934.430057901698,,,6408_24671,2,2,2,0.14285714285714285,6.970000000000001,0.8626702730475881,-0.7071067811865478,6,3,1,other_false_positive
80,21.66297,83.37331,329.86,295.85,4.65,n,2024-01-02,825,N,D,177,industrial,7394.988962651164,,,6409_24667,1,1,1,0.14285714285714285,4.65,0.1,0.0,6,3,1,other_false_positive
81,21.67155,83.40305,337.42,295.64,6.7,n,2024-01-02,825,N,D,177,industrial,4672.553155694612,,,6412_24675,2,2,2,0.14285714285714285,4.995,2.411234123846127,0.7071067811865476,3,0,1,other_false_positive
82,21.67203,83.40103,326.8,295.56,3.29,n,2024-01-02,825,N,D,177,industrial,4884.998312625845,,,6412_24675,2,2,2,0.14285714285714285,4.995,2.411234123846127,-0.7071067811865476,3,0,1,other_false_positive
83,21.67257,83.26183,328.62,296.42,3.08,n,2024-01-02,825,N,D,67,quarry,2296.5243737775318,,,6412_24634,1,1,1,0.14285714285714285,3.08,0.1,0.0,1,0,1,other_false_positive
84,21.69091,83.11233,349.03,297.4,7.88,n,2024-01-02,825,N,D,66,quarry,8680.530066709296,,,6417_24589,1,1,1,0.14285714285714285,7.88,0.1,0.0,1,0,1,other_false_positive
85,21.92062,83.35272,331.67,298.93,5.51,n,2024-01-02,825,N,D,399,power_plant,960.989158460934,,,6485_24661,1,1,1,0.2857142857142857,3.8049999999999997,2.4112341238461266,0.7071067811865477,11,7,1,other_false_positive
86,22.04294,83.73333,339.44,297.76,4.61,n,2024-01-02,825,N,D,350,quarry,2177.0059033731454,,,6522_24773,1,1,1,0.42857142857142855,4.35,3.420341113592814,0.07601580993390744,9,2,1,other_false_positive
87,22.04337,83.73875,327.71,297.2,4.61,n,2024-01-02,825,N,D,59,quarry,2196.484989497473,,,6522_24775,1,1,1,0.14285714285714285,4.61,0.1,0.0,9,2,1,other_false_positive
88,21.67714,84.03575,308.84,287.92,2.04,n,2024-01-02,1913,N,N,304,industrial,689.5206698862255,,,6413_24863,2,2,2,0.14285714285714285,1.755,0.40305086527633205,0.7071067811865479,4,2,1,other_false_positive
89,21.75658,84.02409,305.45,288.54,2.54,n,2024-01-02,1913,N,N,6,industrial,437.3595453811747,,,6437_24859,2,2,2,0.8571428571428571,2.7885714285714287,1.0967137057504808,-0.226651155418297,10,4,1,industrial_persistent
90,21.75805,83.84249,321.9,289.68,4.19,n,2024-01-02,1913,N,N,354,industrial,851.3285177998121,,,6437_24805,1,1,1,0.42857142857142855,2.5300000000000002,1.5356757470247424,1.080957359140513,2,0,1,other_false_positive
91,21.75982,83.81998,301.47,287.7,0.83,n,2024-01-02,1913,N,N,49,quarry,647.5942018745286,,,6438_24799,1,1,1,0.2857142857142857,1.03,0.282842712474619,-0.7071067811865478,2,0,1,other_false_positive
92,21.76344,84.01916,303.71,289.6,1.44,n,2024-01-02,1913,N,N,6,industrial,497.29187074323136,,,6439_24858,1,1,1,0.8571428571428571,2.231666666666667,0.6705047849692548,-1.1807024862663253,10,4,1,industrial_persistent
93,21.76984,84.01979,306.69,288.4,1.44,n,2024-01-02,1913,N,N,408,power_plant,173.95344771444078,,,6441_24858,2,2,2,0.2857142857142857,1.7699999999999998,0.3251153641401771,-1.015024315669427,10,4,1,other_false_positive
94,21.87841,83.55499,298.62,287.52,1.82,n,2024-01-02,1913,N,N,62,industrial,18.5513056974158,,,6473_24720,1,1,1,0.5714285714285714,1.415,0.3431714828867146,1.180167992378597,2,0,1,other_false_positive
95,21.92067,83.35089,312.94,289.74,2.88,n,2024-01-02,1913,N,N,399,power_plant,807.4480754067768,,,6485_24660,3,3,3,0.7142857142857143,2.841666666666667,1.3575480347548172,0.028237183769527816,11,7,1,other_false_positive
96,21.92114,83.34472,308.25,287.95,2.88,n,2024-01-02,1913,N,N,399,power_plant,480.66802173404074,,,6486_24658,1,1,1,0.14285714285714285,2.88,0.1,0.0,11,7,1,other_false_positive
97,21.92829,83.33915,306.83,289.64,3.87,n,2024-01-02,1913,N,N,399,power_plant,681.4736544727397,,,6488_24657,1,1,1,0.14285714285714285,3.87,0.1,0.0,11,7,1,other_false_positive
98,21.98389,83.23106,299.81,288.01,1.25,n,2024-01-02,1913,N,N,403,power_plant,314.85026583555634,,,6504_24625,2,2,2,0.2857142857142857,1.4033333333333333,0.2830783166074953,-0.5416640001640924,3,2,1,other_false_positive
99,21.98636,83.23009,299.44,288.38,1.48,n,2024-01-02,1913,N,N,403,power_plant,29.67855320198592,,,6505_24624,1,1,1,0.14285714285714285,1.48,0.1,0.0,3,2,1,other_false_positive
100,22.03819,83.34951,302.37,287.85,1.57,n,2024-01-02,1913,N,N,46,industrial,2547.4597597927714,,,6520_24660,2,2,2,0.42857142857142855,1.8,0.3206243908376279,-0.7173502907845762,5,3,1,other_false_positive
101,22.1055,83.11965,297.69,287.65,1.19,n,2024-01-02,1913,N,N,108,quarry,1180.1067901625624,,,6540_24592,2,2,2,0.42857142857142855,1.2125,0.24308777564218784,-0.09255915868479853,3,-1,1,other_false_positive
102,22.20495,84.86926,296.36,286.14,1.18,n,2024-01-02,1913,N,N,232,power_plant,2106.6557721749737,,,6570_25109,1,1,1,0.2857142857142857,1.12,0.1,0.5999999999999983,5,4,1,other_false_positive
103,22.21108,84.86982,302.94,288.41,1.18,n,2024-01-02,1913,N,N,232,power_plant,1497.6971289459254,,,6571_25109,1,1,1,0.14285714285714285,1.18,0.1,0.0,5,4,1,other_false_positive
104,22.21191,84.85986,298.87,288.24,2.74,n,2024-01-02,1913,N,N,179,power_plant,1308.1067931770237,,,6572_25106,1,1,1,0.14285714285714285,2.74,0.1,0.0,5,4,1,other_false_positive
105,22.22067,84.75468,298.66,287.09,1.56,n,2024-01-02,1913,N,N,95,industrial,217.51211982588364,,,6574_25075,2,2,2,0.42857142857142855,1.3525,0.5487789476039813,0.37811217231631034,5,3,1,other_false_positive
106,22.22726,84.75014,297.66,287.18,1.18,n,2024-01-02,1913,N,N,80,industrial,812.6695183060505,,,6576_25074,1,1,1,0.14285714285714285,1.18,0.1,0.0,5,3,1,other_false_positive
107,21.67592,84.03799,303.78,287.32,1.47,n,2024-01-02,2053,N,N,304,industrial,446.6564929977297,,,6413_24863,2,2,2,0.14285714285714285,1.755,0.40305086527633205,-0.7071067811865474,4,2,1,other_false_positive
108,21.68045,84.03894,311.18,289.44,3.03,n,2024-01-02,2053,N,N,304,industrial,600.7125263123119,,,6414_24864,2,2,2,0.8571428571428571,2.6955555555555555,1.2316057720625453,0.2715515402987735,4,2,1,other_false_positive
109,21.68214,84.03976,302.01,288.78,1.47,n,2024-01-02,2053,N,N,304,industrial,726.2211517135275,,,6415_24864,1,1,1,0.42857142857142855,1.3066666666666666,0.19553345834749947,0.8353216616414542,4,2,1,other_false_positive
110,21.75224,84.02442,299.65,287.71,1.32,n,2024-01-02,2053,N,N,6,industrial,858.0967387037434,,,6436_24859,1,1,1,0.42857142857142855,1.616666666666667,0.43821608064211126,-0.6769871754408596,10,4,1,other_false_positive
111,21.75619,84.02082,312.74,289.17,3.08,n,2024-01-02,2053,N,N,6,industrial,346.47825437601904,,,6437_24858,1,1,1,0.2857142857142857,3.005,0.1060660171779819,0.7071067811865507,10,4,1,other_false_positive
112,21.75847,84.02612,300.89,287.66,2.27,n,2024-01-02,2053,N,N,6,industrial,534.1711117081162,,,6437_24860,1,1,1,0.14285714285714285,2.27,0.1,0.0,10,4,1,other_false_positive
113,21.75972,84.0208,306.87,289.53,2.27,n,2024-01-02,2053,N,N,6,industrial,51.734688398376605,,,6438_24858,1,1,1,0.42857142857142855,3.005,1.7148469319446564,-0.4286096830616254,10,4,1,other_false_positive
114,21.76372,84.01717,307.11,289.31,2.09,n,2024-01-02,2053,N,N,6,industrial,631.846213458198,,,6439_24857,2,2,2,0.42857142857142855,1.7866666666666664,0.28676354952004146,1.0577820432235023,10,4,1,other_false_positive
115,21.7672,84.0172,309.18,289.57,3.82,n,2024-01-02,2053,N,N,408,power_plant,372.22160890101856,,,6440_24857,2,2,2,0.5714285714285714,2.0975,1.162938089495739,1.4811622523662389,10,4,1,other_false_positive
116,21.76994,84.01888,309.0,289.66,2.09,n,2024-01-02,2053,N,N,408,power_plant,85.85751406823854,,,6441_24858,2,2,2,0.2857142857142857,1.7699999999999998,0.3251153641401771,0.9842660030733844,10,4,1,other_false_positive
117,21.87593,83.55466,303.62,287.15,0.78,n,2024-01-02,2053,N,N,62,industrial,267.8605185989463,,,6472_24720,1,1,1,0.14285714285714285,0.78,0.1,0.0,2,0,1,other_false_positive
118,21.9171,83.35049,301.91,287.87,2.0,n,2024-01-02,2053,N,N,399,power_plant,1086.4576579565446,,,6484_24660,1,1,1,0.14285714285714285,2.0,0.1,0.0,11,7,1,other_false_positive
119,21.91787,83.3523,302.33,289.36,1.05,n,2024-01-02,2053,N,N,399,power_plant,1129.758560431524,,,6485_24660,3,3,3,0.7142857142857143,2.841666666666667,1.3575480347548172,-1.3197814153148948,11,7,1,other_false_positive
120,21.91903,83.34744,302.3,288.77,1.54,n,2024-01-02,2053,N,N,399,power_plant,756.3183248813932,,,6485_24659,1,1,1,0.14285714285714285,1.54,0.1,0.0,11,7,1,other_false_positive
121,21.92308,83.3521,309.71,290.21,2.0,n,2024-01-02,2053,N,N,10,industrial,720.433383692392,,,6486_24660,3,3,3,0.7142857142857143,3.918,1.424849309771232,-1.3461072597971404,11,7,1,other_false_positive
122,21.92501,83.34904,300.73,288.77,2.67,n,2024-01-02,2053,N,N,10,industrial,355.6574691100376,,,6487_24659,1,1,1,0.14285714285714285,2.67,0.1,0.0,11,7,1,other_false_positive
123,21.92533,83.34241,300.42,289.73,3.85,n,2024-01-02,2053,N,N,399,power_plant,269.2711128238475,,,6487_24658,1,1,1,0.14285714285714285,3.85,0.1,0.0,11,7,1,other_false_positive
124,21.98439,83.23247,302.08,288.52,1.23,n,2024-01-02,2053,N,N,23,industrial,313.87377748026904,,,6504_24625,2,2,2,0.2857142857142857,1.4033333333333333,0.2830783166074953,-0.6123158262724524,3,2,1,other_false_positive
125,22.02016,83.37855,298.58,287.68,0.57,n,2024-01-02,2053,N,N,125,industrial,268.12074271518924,,,6515_24668,1,1,1,0.42857142857142855,1.0766666666666664,0.47815618090048084,-1.0596258856520346,5,3,1,other_false_positive
126,22.02167,83.74989,299.3,287.5,1.17,n,2024-01-02,2053,N,N,59,quarry,899.6748399045076,,,6515_24778,1,1,1,0.42857142857142855,2.0525,0.7056616280720764,-1.2505993877137125,9,2,1,other_false_positive
127,22.0308,83.36067,299.04,287.45,1.26,n,2024-01-02,2053,N,N,125,industrial,2220.4942267183196,,,6518_24663,1,1,1,0.2857142857142857,1.3,0.1,-0.40000000000000036,5,3,1,other_false_positive
128,22.03829,83.35345,302.5,287.64,1.28,n,2024-01-02,2053,N,N,46,industrial,2727.5405034789346,,,6520_24661,2,2,2,0.5714285714285714,1.3625,0.4733832133342569,-0.17427740924506882,5,3,1,other_false_positive
129,22.03865,83.73297,310.86,287.36,2.56,n,2024-01-02,2053,N,N,59,quarry,2369.3743352238403,,,6520_24773,1,1,1,0.42857142857142855,3.0066666666666664,1.4139424787923067,-0.31590158253692086,9,2,1,other_false_positive
130,22.03913,83.3524,305.67,288.07,2.25,n,2024-01-02,2053,N,N,46,industrial,2591.74623598862,,,6520_24660,2,2,2,0.42857142857142855,1.8,0.3206243908376279,1.4035114384915621,5,3,1,other_false_positive
131,22.04347,83.73566,321.12,289.62,3.35,n,2024-01-02,2053,N,N,350,quarry,2253.71176276618,,,6522_24774,3,3,3,0.8571428571428571,2.0955555555555554,0.8400611750210683,1.4932774918600231,9,2,1,other_false_positive
132,22.0447,83.73058,312.34,287.95,3.35,n,2024-01-02,2053,N,N,350,quarry,1876.0881735196865,,,6522_24772,1,1,1,0.14285714285714285,3.35,0.1,0.0,9,2,1,other_false_positive
133,22.0447,83.73483,321.44,288.91,3.5,n,2024-01-02,2053,N,N,350,quarry,2092.887647325591,,,6522_24774,3,3,3,0.8571428571428571,2.0955555555555554,0.8400611750210683,1.6718359164845606,9,2,1,other_false_positive
134,22.05934,83.72372,300.2,288.13,1.08,n,2024-01-02,2053,N,N,350,quarry,106.545802232312,,,6526_24770,1,1,1,0.42857142857142855,1.2066666666666668,0.17785762095938798,-0.7121801471503422,9,2,1,mining
135,22.06047,83.72284,297.97,287.6,0.95,n,2024-01-02,2053,N,N,350,quarry,50.44345049378556,,,6527_24770,1,1,1,0.14285714285714285,0.95,0.1,0.0,9,2,1,mining
136,22.10476,83.11983,303.87,288.11,1.09,n,2024-01-02,2053,N,N,108,quarry,1142.7398440048592,,,6540_24592,2,2,2,0.42857142857142855,1.2125,0.24308777564218784,-0.5039331972839032,3,-1,1,other_false_positive
137,22.10708,83.11948,300.21,287.83,1.44,n,2024-01-02,2053,N,N,108,quarry,1289.719703610068,,,6541_24592,1,1,1,0.2857142857142857,1.35,0.1272792206135786,0.7071067811865461,3,-1,1,other_false_positive
138,22.1076,83.52332,299.06,287.73,1.2,n,2024-01-02,2053,N,N,117,industrial,166.4131937901801,,,6541_24711,1,1,1,0.14285714285714285,1.2,0.1,0.0,1,0,1,other_false_positive
139,22.21385,84.84026,304.17,286.24,1.16,n,2024-01-02,2053,N,N,179,power_plant,958.5182396697279,,,6572_25101,1,1,1,0.2857142857142857,1.62,0.6505382386916237,-0.7071067811865478,5,4,1,other_false_positive
140,22.21417,84.84314,299.62,286.24,1.18,n,2024-01-02,2053,N,N,179,power_plant,679.9023811454591,,,6572_25102,1,1,1,0.2857142857142857,0.86,0.4525483399593903,0.7071067811865476,5,4,1,other_false_positive
141,22.22146,84.75678,296.86,286.26,1.75,n,2024-01-02,2053,N,N,68,industrial,194.46034538094324,,,6574_25076,1,1,1,0.42857142857142855,1.6600000000000001,0.80876448982383,0.11128085015157405,5,3,1,other_false_positive
142,22.22165,84.75414,299.06,286.73,2.03,n,2024-01-02,2053,N,N,95,industrial,264.3442087137989,,,6574_25075,2,2,2,0.42857142857142855,1.3525,0.5487789476039813,1.2345590204544585,5,3,1,other_false_positive
143,22.22288,84.75098,299.03,286.54,1.9,n,2024-01-02,2053,N,N,95,industrial,423.93634642123095,,,6575_25074,2,2,2,0.7142857142857143,1.3439999999999999,0.3884971042363121,1.4311560985582032,5,3,1,industrial_persistent
144,21.17426,83.688,335.49,298.84,5.81,n,2024-01-03,806,N,D,365,industrial,10646.525375472434,,,6265_24760,1,1,1,0.14285714285714285,5.81,0.1,0.0,1,0,1,other_false_positive
145,21.25682,83.76921,332.75,297.33,4.21,n,2024-01-03,806,N,D,345,industrial,3898.525626639284,,,6289_24784,2,2,2,0.14285714285714285,4.0649999999999995,0.2050609665440985,0.7071067811865508,2,0,1,other_false_positive
146,21.2584,83.77056,333.75,296.8,3.92,n,2024-01-03,806,N,D,345,industrial,3684.459043953334,,,6289_24784,2,2,2,0.14285714285714285,4.0649999999999995,0.2050609665440985,-0.7071067811865465,2,0,1,other_false_positive
147,21.26981,83.45762,341.35,300.0,8.75,n,2024-01-03,806,N,D,145,industrial,3787.2366678167414,,,6293_24692,1,1,1,0.14285714285714285,8.75,0.1,0.0,2,0,1,other_false_positive
148,21.27436,83.45705,333.51,297.19,4.51,n,2024-01-03,806,N,D,145,industrial,3481.338731119234,,,6294_24691,1,1,1,0.14285714285714285,4.51,0.1,0.0,2,0,1,other_false_positive
149,21.31285,83.67971,333.32,296.5,5.75,n,2024-01-03,806,N,D,302,industrial,2037.2661240937055,,,6306_24757,1,1,1,0.14285714285714285,5.75,0.1,0.0,1,0,1,other_false_positive
150,21.34427,83.21011,334.0,298.7,3.93,n,2024-01-03,806,N,D,144,industrial,13797.346636606977,,,6315_24618,1,1,1,0.14285714285714285,3.93,0.1,0.0,1,0,1,other_false_positive
151,21.37213,83.01765,337.68,299.41,3.45,n,2024-01-03,806,N,D,33,power_plant,6107.178915503119,,,6323_24561,1,1,1,0.14285714285714285,3.45,0.1,0.0,3,2,1,other_false_positive
152,21.37655,83.01708,335.33,298.97,5.78,n,2024-01-03,806,N,D,33,power_plant,6587.688165818473,,,6324_24561,1,1,1,0.14285714285714285,5.78,0.1,0.0,3,2,1,other_false_positive
153,21.38204,83.02573,336.81,301.06,3.96,n,2024-01-03,806,N,D,33,power_plant,6943.895753778651,,,6326_24564,1,1,1,0.14285714285714285,3.96,0.1,0.0,3,2,1,other_false_positive
154,21.38429,83.70366,335.59,298.21,3.61,n,2024-01-03,806,N,D,278,industrial,2709.4970263412633,,,6327_24764,1,1,1,0.14285714285714285,3.61,0.1,0.0,1,0,1,other_false_positive
155,21.39631,83.92068,340.05,297.12,8.34,n,2024-01-03,806,N,D,104,industrial_works,4163.398637075056,,,6330_24829,1,1,1,0.14285714285714285,8.34,0.1,0.0,2,0,1,other_false_positive
156,21.39754,83.91732,341.26,298.66,7.71,n,2024-01-03,806,N,D,104,industrial_works,4065.5260208020713,,,6331_24828,1,1,1,0.14285714285714285,7.71,0.1,0.0,2,0,1,other_false_positive
157,21.4233,83.63206,339.14,297.99,6.17,n,2024-01-03,806,N,D,276,industrial,2065.9004705568827,,,6338_24743,1,1,1,0.14285714285714285,6.17,0.1,0.0,1,0,1,other_false_positive
158,21.43461,83.22464,330.84,297.43,3.02,n,2024-01-03,806,N,D,144,industrial,18721.58719865664,,,6342_24623,1,1,1,0.14285714285714285,3.02,0.1,0.0,1,0,1,other_false_positive
159,21.49291,83.09776,343.21,298.53,5.66,n,2024-01-03,806,N,D,66,quarry,17618.60053940149,,,6359_24585,1,1,1,0.14285714285714285,5.66,0.1,0.0,1,0,1,other_false_positive
160,21.52697,83.26335,333.68,297.78,3.77,n,2024-01-03,806,N,D,67,quarry,14948.643691208581,,,6369_24634,1,1,1,0.14285714285714285,3.77,0.1,0.0,1,0,1,other_false_positive
161,21.57714,83.42982,341.66,298.33,6.8,n,2024-01-03,806,N,D,178,industrial,1853.6520489706047,,,6384_24683,1,1,1,0.14285714285714285,6.8,0.1,0.0,2,0,1,other_false_positive
162,21.58356,83.40408,339.56,297.93,3.67,n,2024-01-03,806,N,D,178,industrial,1611.430458693827,,,6386_24676,1,1,1,0.14285714285714285,3.67,0.1,0.0,2,0,1,other_false_positive
163,21.6308,83.27811,341.69,298.69,5.75,n,2024-01-03,806,N,D,67,quarry,3353.35962359597,,,6400_24638,1,1,1,0.14285714285714285,5.75,0.1,0.0,2,1,1,other_false_positive
164,21.63192,83.18263,331.0,298.35,3.05,n,2024-01-03,806,N,D,61,quarry,6179.119870490509,,,6400_24610,1,1,1,0.14285714285714285,3.05,0.1,0.0,3,2,1,other_false_positive
165,21.63246,83.18731,332.16,298.7,3.39,n,2024-01-03,806,N,D,61,quarry,5983.470376882194,,,6400_24612,1,1,1,0.14285714285714285,3.39,0.1,0.0,3,2,1,other_false_positive
166,21.63448,83.1852,343.05,299.29,5.1,n,2024-01-03,806,N,D,61,quarry,5827.541366064103,,,6401_24611,1,1,1,0.14285714285714285,5.1,0.1,0.0,3,2,1,other_false_positive
167,21.64793,83.36154,342.83,298.54,5.66,n,2024-01-03,806,N,D,67,quarry,8541.261410716195,,,6405_24663,2,2,2,0.14285714285714285,6.285,0.8838834764831844,-0.7071067811865475,6,0,1,other_false_positive
168,21.64855,83.32689,340.59,297.64,8.66,n,2024-01-03,806,N,D,67,quarry,5022.991480911286,,,6405_24653,1,1,1,0.14285714285714285,8.66,0.1,0.0,6,0,1,other_false_positive
169,21.64872,83.35976,349.6,298.96,6.91,n,2024-01-03,806,N,D,67,quarry,8344.937962937105,,,6405_24663,2,2,2,0.14285714285714285,6.285,0.8838834764831844,0.7071067811865475,6,0,1,other_false_positive
170,21.64924,83.36465,329.21,295.29,4.16,n,2024-01-03,806,N,D,177,industrial,8241.542696032739,,,6405_24664,1,1,1,0.2857142857142857,3.9850000000000003,0.24748737341529187,0.7071067811865461,6,0,1,other_false_positive
171,21.64959,83.32502,346.64,296.73,8.0,n,2024-01-03,806,N,D,67,quarry,4805.497018584135,,,6405_24652,1,1,1,0.14285714285714285,8.0,0.1,0.0,6,0,1,other_false_positive
172,21.65247,83.36101,328.39,297.1,5.66,n,2024-01-03,806,N,D,67,quarry,8415.809520489212,,,6406_24663,1,1,1,0.14285714285714285,5.66,0.1,0.0,6,0,1,other_false_positive
173,21.65522,83.42542,329.17,298.87,8.41,n,2024-01-03,806,N,D,177,industrial,1936.863342097675,,,6407_24682,2,2,2,0.14285714285714285,6.545,2.6375082938258227,0.7071067811865475,2,-1,1,other_false_positive
174,21.65556,83.42374,334.03,299.25,4.68,n,2024-01-03,806,N,D,177,industrial,2113.2018016609572,,,6407_24682,2,2,2,0.14285714285714285,6.545,2.6375082938258227,-0.7071067811865475,2,-1,1,other_false_positive
175,21.67093,83.26833,329.01,297.23,3.13,n,2024-01-03,806,N,D,67,quarry,1651.9015961398193,,,6412_24636,1,1,1,0.14285714285714285,3.13,0.1,0.0,2,1,1,other_false_positive
176,21.76038,83.23895,339.01,298.62,4.59,n,2024-01-03,806,N,D,24,power_plant,4336.570135884068,,,6438_24627,1,1,1,0.14285714285714285,4.59,0.1,0.0,2,0,1,other_false_positive
177,21.76331,83.22389,332.97,298.23,2.63,n,2024-01-03,806,N,D,24,power_plant,5877.56347699442,,,6439_24622,1,1,1,0.14285714285714285,2.63,0.1,0.0,2,0,1,other_false_positive
178,21.85938,83.2089,328.76,296.4,3.1,n,2024-01-03,806,N,D,25,power_plant,5805.723802672254,,,6467_24618,1,1,1,0.14285714285714285,3.1,0.1,0.0,1,0,1,other_false_positive
179,21.91384,83.24632,342.36,299.41,8.52,n,2024-01-03,806,N,D,25,power_plant,5645.976226576188,,,6483_24629,1,1,1,0.14285714285714285,8.52,0.1,0.0,3,0,1,other_false_positive
180,22.04035,83.73273,340.12,298.97,8.75,n,2024-01-03,806,N,D,350,quarry,2406.708592606889,,,6521_24773,2,2,2,0.14285714285714285,6.67,2.941564209736038,0.7071067811865475,10,1,1,other_false_positive
181,22.0409,83.738,345.57,304.76,8.75,n,2024-01-03,806,N,D,59,quarry,2067.357636761665,,,6521_24775,4,4,4,0.7142857142857143,4.322222222222222,2.7628417335136017,1.602617234302024,10,1,1,other_false_positive
182,22.21188,84.86888,326.99,296.12,4.09,n,2024-01-03,806,N,D,232,power_plant,1491.1724316507664,,,6572_25109,2,2,2,0.7142857142857143,3.0933333333333333,0.9534498763263155,1.0453267564592565,6,1,1,other_false_positive
183,22.21304,84.87038,328.04,297.1,5.92,n,2024-01-03,806,N,D,232,power_plant,1292.1794988980391,,,6572_25110,1,1,1,0.2857142857142857,3.795,3.005203820042827,0.7071067811865476,6,1,1,other_false_positive
184,22.01762,83.75513,299.88,287.89,0.78,n,2024-01-03,2034,N,N,59,quarry,1280.0169278072988,,,6514_24780,1,1,1,0.42857142857142855,1.0933333333333335,0.613297100379036,-0.5108997468595304,10,1,1,other_false_positive
185,22.01872,83.74986,310.05,288.19,2.31,n,2024-01-03,2034,N,N,59,quarry,1206.0200522365585,,,6514_24778,1,1,1,0.42857142857142855,1.6933333333333334,0.6412747721011122,0.961626269260807,10,1,1,other_false_positive
186,22.03678,83.7326,298.76,287.95,4.59,n,2024-01-03,2034,N,N,59,quarry,2319.580177882437,,,6520_24773,2,2,2,0.42857142857142855,3.0066666666666664,1.4139424787923067,1.119800385858489,10,1,1,other_false_positive
187,22.04029,83.73891,317.85,290.6,4.13,n,2024-01-03,2034,N,N,59,quarry,1951.8312604149742,,,6521_24775,4,4,4,0.7142857142857143,4.322222222222222,2.7628417335136017,-0.06957409825200751,10,1,1,other_false_positive
188,22.04136,83.73376,339.35,290.71,4.59,n,2024-01-03,2034,N,N,350,quarry,2352.3362427570823,,,6521_24773,2,2,2,0.14285714285714285,6.67,2.941564209736038,-0.7071067811865475,10,1,1,other_false_positive
189,22.04594,83.73491,304.47,289.02,1.61,n,2024-01-03,2034,N,N,350,quarry,1986.8834568790223,,,6522_24774,4,4,4,0.8571428571428571,2.0955555555555554,0.8400611750210683,-0.5780002337846144,10,1,1,other_false_positive
190,22.05725,83.72678,299.48,288.63,1.13,n,2024-01-03,2034,N,N,350,quarry,490.74147113121035,,,6526_24771,1,1,1,0.2857142857142857,1.395,0.37476659402887014,-0.7071067811865479,10,1,1,mining
191,22.05831,83.72166,299.28,288.58,1.13,n,2024-01-03,2034,N,N,350,quarry,262.0631399138419,,,6526_24770,2,2,2,0.42857142857142855,1.2066666666666668,0.17785762095938798,-0.43105640485415553,10,1,1,mining
192,22.10334,83.52544,306.37,287.68,1.71,n,2024-01-03,2034,N,N,117,industrial,622.8653852092101,,,6539_24712,1,1,1,0.14285714285714285,1.71,0.1,0.0,1,0,1,other_false_positive
193,22.20919,84.85985,298.71,288.0,1.54,n,2024-01-03,2034,N,N,179,power_plant,1473.7162238433762,,,6571_25106,1,1,1,0.2857142857142857,1.2,0.4808326112068523,0.7071067811865478,6,1,1,other_false_positive
194,22.21214,84.86634,318.56,289.27,4.62,n,2024-01-03,2034,N,N,232,power_plant,1659.498014135982,,,6572_25108,1,1,1,0.5714285714285714,2.36,1.6320334963882739,1.3847754994008579,6,1,1,other_false_positive
195,22.2128,84.86706,316.28,288.45,4.31,n,2024-01-03,2034,N,N,232,power_plant,1555.4395970010203,,,6572_25109,2,2,2,0.7142857142857143,3.0933333333333333,0.9534498763263155,1.2760677796241757,6,1,1,other_false_positive
196,22.21704,84.86761,299.37,287.83,1.7,n,2024-01-03,2034,N,N,232,power_plant,1250.7165749724802,,,6573_25109,1,1,1,0.14285714285714285,1.7,0.1,0.0,6,1,1,other_false_positive
197,22.22134,84.75623,300.95,288.06,2.42,n,2024-01-03,2034,N,N,68,industrial,221.08150893404812,,,6574_25076,2,2,2,0.42857142857142855,1.6600000000000001,0.80876448982383,0.9397049568355154,1,-4,1,other_false_positive
198,21.68042,84.03735,311.6,290.36,2.41,n,2024-01-03,2035,N,N,304,industrial,706.6706438387766,,,6414_24863,2,2,2,0.5714285714285714,2.545,0.847919021290752,-0.15921331708598171,1,-3,1,other_false_positive
199,21.75349,84.02161,307.83,288.73,2.62,n,2024-01-03,2035,N,N,6,industrial,647.6458231240982,,,6436_24858,2,2,2,0.42857142857142855,2.06,0.485386443980464,1.1537199008024608,4,-6,1,other_false_positive
200,21.7582,84.02271,310.36,290.83,3.33,n,2024-01-03,2035,N,N,6,industrial,212.2651289492197,,,6437_24859,3,3,3,0.8571428571428571,2.7885714285714287,1.0967137057504808,0.4936826891007731,4,-6,1,industrial_persistent
201,21.7597,83.84232,302.67,288.47,0.88,n,2024-01-03,2035,N,N,352,industrial,977.5550411916305,,,6438_24805,1,1,1,0.2857142857142857,0.895,0.1,-0.15000000000000013,2,0,1,other_false_positive
202,21.76131,83.84405,299.31,288.17,1.14,n,2024-01-03,2035,N,N,352,industrial,791.2437871508985,,,6438_24806,1,1,1,0.5714285714285714,1.85,0.9280355596635292,-0.765056890985319,2,0,1,other_false_positive
203,21.76403,84.01844,307.57,290.55,3.05,n,2024-01-03,2035,N,N,6,industrial,588.1907538292631,,,6439_24858,2,2,2,0.8571428571428571,2.231666666666667,0.6705047849692548,1.2204735173826635,4,-6,1,other_false_positive
204,21.76874,84.01955,309.62,290.2,3.2,n,2024-01-03,2035,N,N,408,power_plant,230.95122834392959,,,6440_24858,1,1,1,0.7142857142857143,2.436666666666667,1.721785894548642,0.4433381268542901,4,-6,1,industrial_persistent
205,21.85817,83.96763,299.75,288.41,0.67,n,2024-01-03,2035,N,N,54,industrial,171.65783037661743,,,6467_24842,1,1,1,0.42857142857142855,0.9933333333333332,0.28041635710730806,-1.1530473352865143,1,0,1,other_false_positive
206,21.87737,83.49432,299.34,288.54,0.97,n,2024-01-03,2035,N,N,70,industrial,212.07120324003415,,,6473_24702,1,1,1,0.14285714285714285,0.97,0.1,0.0,1,0,1,other_false_positive
207,21.92022,83.354,308.3,291.22,2.1,n,2024-01-03,2035,N,N,10,industrial,1087.521690479776,,,6485_24661,2,2,2,0.2857142857142857,3.8049999999999997,2.4112341238461266,-0.7071067811865475,3,-8,1,other_false_positive
208,21.92122,83.3491,313.45,292.02,2.1,n,2024-01-03,2035,N,N,399,power_plant,632.695080030456,,,6486_24659,1,1,1,0.42857142857142855,3.1,1.2781236246936367,-0.7823969299055071,3,-8,1,other_false_positive
209,21.92572,83.35014,303.92,290.0,1.6,n,2024-01-03,2035,N,N,10,industrial,373.9336308877292,,,6487_24660,1,1,1,0.42857142857142855,1.2833333333333334,0.31021497922139957,1.0207974723253532,3,-8,1,other_false_positive
210,21.9805,83.24115,303.09,289.68,0.9,n,2024-01-03,2035,N,N,23,industrial,750.5643549482267,,,6503_24628,1,1,1,0.14285714285714285,0.9,0.1,0.0,3,0,1,other_false_positive
211,21.98687,83.23262,305.21,289.51,1.18,n,2024-01-03,2035,N,N,403,power_plant,253.1599148099831,,,6505_24625,1,1,1,0.42857142857142855,1.45,0.28053520278211075,-0.9624460578293508,3,0,1,other_false_positive
212,22.02345,83.3809,303.41,289.23,0.86,n,2024-01-03,2035,N,N,125,industrial,170.07589855019273,,,6516_24669,1,1,1,0.14285714285714285,0.86,0.1,0.0,2,-3,1,other_false_positive
213,22.03843,83.35347,303.47,289.46,2.05,n,2024-01-03,2035,N,N,46,industrial,2715.4534730013966,,,6520_24661,3,3,3,0.5714285714285714,1.3625,0.4733832133342569,1.4523117437089061,2,-3,1,other_false_positive
214,22.10431,83.1187,308.11,289.84,2.21,n,2024-01-03,2035,N,N,108,quarry,1020.2400143651083,,,6540_24591,1,1,1,0.14285714285714285,2.21,0.1,0.0,1,-2,1,other_false_positive
215,21.00582,83.60217,331.31,298.83,2.6,n,2024-01-04,747,N,D,281,industrial,9678.469890346189,,,6215_24734,1,1,1,0.14285714285714285,2.6,0.1,0.0,3,2,1,other_false_positive
216,21.01388,83.71442,331.83,299.92,3.23,n,2024-01-04,747,N,D,361,power_plant,14176.033975577848,,,6217_24768,1,1,1,0.14285714285714285,3.23,0.1,0.0,6,5,1,other_false_positive
217,21.01946,83.06686,339.05,300.44,3.69,n,2024-01-04,747,N,D,133,industrial,3959.2187560631423,,,6219_24576,1,1,1,0.14285714285714285,3.69,0.1,0.0,2,1,1,other_false_positive
218,21.02002,83.0708,334.59,301.21,4.51,n,2024-01-04,747,N,D,133,industrial,4298.351526433585,,,6219_24577,1,1,1,0.14285714285714285,4.51,0.1,0.0,2,1,1,other_false_positive
219,21.04456,83.75626,329.44,299.54,1.77,n,2024-01-04,747,N,D,361,power_plant,9634.062781700533,,,6226_24780,1,1,1,0.14285714285714285,1.77,0.1,0.0,6,5,1,other_false_positive
220,21.04851,83.78543,344.27,302.31,5.44,n,2024-01-04,747,N,D,361,power_plant,6689.395714415752,,,6227_24789,1,1,1,0.14285714285714285,5.44,0.1,0.0,6,5,1,other_false_positive
221,21.05202,83.78489,330.36,300.73,2.68,l,2024-01-04,747,N,D,361,power_plant,6830.2738178758855,,,6228_24788,1,1,1,0.2857142857142857,3.4850000000000003,1.1384419177103413,-0.7071067811865478,6,5,1,other_false_positive
222,21.05541,83.80993,335.22,301.7,2.58,n,2024-01-04,747,N,D,361,power_plant,4514.570018059553,,,6229_24796,1,1,1,0.14285714285714285,2.58,0.1,0.0,2,0,1,other_false_positive
223,21.07059,83.65921,331.86,298.29,1.57,n,2024-01-04,747,N,D,281,industrial,10167.247411422823,,,6234_24751,1,1,1,0.14285714285714285,1.57,0.1,0.0,3,2,1,other_false_positive
224,21.07136,83.76909,329.84,299.91,2.23,n,2024-01-04,747,N,D,361,power_plant,9107.02611861108,,,6234_24784,1,1,1,0.14285714285714285,2.23,0.1,0.0,6,5,1,other_false_positive
225,21.08817,83.81341,332.79,300.76,3.0,n,2024-01-04,747,N,D,361,power_plant,6767.166399831343,,,6239_24797,1,1,1,0.14285714285714285,3.0,0.1,0.0,2,0,1,other_false_positive
226,21.08919,83.66473,329.06,298.61,2.02,n,2024-01-04,747,N,D,281,industrial,10626.582029641822,,,6239_24753,1,1,1,0.14285714285714285,2.02,0.1,0.0,3,2,1,other_false_positive
227,21.09191,83.73622,331.83,299.27,3.36,n,2024-01-04,747,N,D,361,power_plant,13180.409937152193,,,6240_24774,1,1,1,0.14285714285714285,3.36,0.1,0.0,6,5,1,other_false_positive
228,21.11969,84.82373,331.96,301.02,4.21,n,2024-01-04,747,N,D,42,power_plant,17391.808295112394,,,6248_25096,1,1,1,0.14285714285714285,4.21,0.1,0.0,1,0,1,other_false_positive
229,21.12042,83.67744,333.09,300.52,6.0,n,2024-01-04,747,N,D,314,industrial,11635.932523991401,,,6249_24757,1,1,1,0.14285714285714285,6.0,0.1,0.0,2,1,1,other_false_positive
230,21.1503,83.63484,329.79,298.93,2.45,n,2024-01-04,747,N,D,314,industrial,6330.025264536585,,,6257_24744,1,1,1,0.14285714285714285,2.45,0.1,0.0,2,1,1,other_false_positive
231,21.15583,83.70159,338.61,299.15,3.84,n,2024-01-04,747,N,D,365,industrial,12743.584932023117,,,6259_24764,1,1,1,0.14285714285714285,3.84,0.1,0.0,1,0,1,other_false_positive
232,21.17999,83.37615,338.59,300.79,4.09,n,2024-01-04,747,N,D,414,industrial,7215.851676029109,,,6266_24667,1,1,1,0.14285714285714285,4.09,0.1,0.0,1,0,1,other_false_positive
233,21.24422,83.58695,337.55,298.84,2.58,n,2024-01-04,747,N,D,313,industrial,1033.4643082987993,,,6285_24730,1,1,1,0.14285714285714285,2.58,0.1,0.0,2,0,1,other_false_positive
234,21.24792,83.66659,333.5,300.08,3.18,n,2024-01-04,747,N,D,302,industrial,6273.354051863327,,,6286_24753,1,1,1,0.14285714285714285,3.18,0.1,0.0,1,0,1,other_false_positive
235,21.26972,83.74819,342.87,301.78,6.64,n,2024-01-04,747,N,D,205,industrial,2307.903926604118,,,6293_24778,1,1,1,0.14285714285714285,6.64,0.1,0.0,1,-1,1,other_false_positive
236,21.27755,83.8326,336.42,300.24,3.19,n,2024-01-04,747,N,D,285,industrial,2988.0054276447563,,,6295_24803,1,1,1,0.14285714285714285,3.19,0.1,0.0,1,0,1,other_false_positive
237,21.29304,83.57934,331.08,300.82,2.5,n,2024-01-04,747,N,D,242,industrial,139.64436523024818,,,6300_24728,1,1,1,0.14285714285714285,2.5,0.1,0.0,2,0,1,other_false_positive
238,21.30762,83.78932,336.49,299.19,3.29,n,2024-01-04,747,N,D,347,industrial,580.277988779472,,,6304_24790,1,1,1,0.14285714285714285,3.29,0.1,0.0,1,0,1,other_false_positive
239,21.31688,83.10165,336.27,301.85,2.9,n,2024-01-04,747,N,D,33,power_plant,6606.057282928399,,,6307_24586,1,1,1,0.14285714285714285,2.9,0.1,0.0,1,0,1,other_false_positive
240,21.33073,83.05077,333.21,301.47,2.5,n,2024-01-04,747,N,D,33,power_plant,1741.7185074170498,,,6311_24571,1,1,1,0.14285714285714285,2.5,0.1,0.0,3,0,1,other_false_positive
241,21.33129,83.05475,337.45,303.17,3.61,n,2024-01-04,747,N,D,33,power_plant,2106.0746928875024,,,6311_24572,1,1,1,0.14285714285714285,3.61,0.1,0.0,3,0,1,other_false_positive
242,21.33227,83.54514,335.35,301.0,4.72,n,2024-01-04,747,N,D,331,industrial,662.0920867378636,,,6311_24717,1,1,1,0.14285714285714285,4.72,0.1,0.0,1,0,1,other_false_positive
243,21.33774,83.95735,334.19,299.97,3.18,n,2024-01-04,747,N,D,26,power_plant,4533.524807633308,,,6313_24839,1,1,1,0.14285714285714285,3.18,0.1,0.0,1,-1,1,other_false_positive
244,21.34338,83.21561,330.75,301.58,1.9,l,2024-01-04,747,N,D,144,industrial,13228.745695125903,,,6315_24620,1,1,1,0.14285714285714285,1.9,0.1,0.0,1,0,1,other_false_positive
245,21.37322,83.87547,342.84,302.25,4.13,n,2024-01-04,747,N,D,346,industrial,3093.7640337350504,,,6323_24815,1,1,1,0.14285714285714285,4.13,0.1,0.0,2,0,1,other_false_positive
246,21.39167,83.82513,331.41,300.24,2.79,n,2024-01-04,747,N,D,229,industrial,945.4583112968414,,,6329_24800,1,1,1,0.14285714285714285,2.79,0.1,0.0,2,0,1,other_false_positive
247,21.39837,83.06443,337.19,301.89,2.55,n,2024-01-04,747,N,D,33,power_plant,9054.599836940499,,,6331_24575,1,1,1,0.14285714285714285,2.55,0.1,0.0,3,0,1,other_false_positive
248,21.40537,84.06243,332.93,299.51,3.55,n,2024-01-04,747,N,D,384,industrial,11711.585551471875,,,6333_24871,1,1,1,0.14285714285714285,3.55,0.1,0.0,1,0,1,other_false_positive
249,21.40569,83.66469,329.34,301.0,1.97,n,2024-01-04,747,N,D,291,industrial,1259.0486070669028,,,6333_24753,1,1,1,0.14285714285714285,1.97,0.1,0.0,3,2,1,other_false_positive
250,21.41336,83.29932,332.43,300.3,1.44,n,2024-01-04,747,N,D,144,industrial,13015.400345868666,,,6335_24645,1,1,1,0.14285714285714285,1.44,0.1,0.0,2,1,1,other_false_positive
251,21.42143,83.675,334.52,301.58,2.67,n,2024-01-04,747,N,D,291,industrial,1847.1874315945797,,,6338_24756,1,1,1,0.14285714285714285,2.67,0.1,0.0,3,2,1,other_false_positive
252,21.44499,84.11383,333.48,298.94,2.27,n,2024-01-04,747,N,D,384,industrial,5292.686176209761,,,6345_24886,1,1,1,0.14285714285714285,2.27,0.1,0.0,1,0,1,other_false_positive
253,21.44925,83.82485,338.53,300.21,4.54,n,2024-01-04,747,N,D,184,industrial,1380.7935104222752,,,6346_24800,1,1,1,0.14285714285714285,4.54,0.1,0.0,1,0,1,other_false_positive
254,21.45705,83.72542,332.19,301.33,2.82,n,2024-01-04,747,N,D,195,industrial,3689.2601902353604,,,6348_24771,1,1,1,0.14285714285714285,2.82,0.1,0.0,1,0,1,other_false_positive
255,21.46231,83.60542,344.0,301.26,7.18,n,2024-01-04,747,N,D,170,industrial,4690.717699674196,,,6350_24735,1,1,1,0.14285714285714285,7.18,0.1,0.0,3,2,1,other_false_positive
256,21.47704,83.10513,342.29,301.37,6.78,n,2024-01-04,747,N,D,33,power_plant,18686.165230614657,,,6354_24587,1,1,1,0.14285714285714285,6.78,0.1,0.0,2,0,1,other_false_positive
257,21.47815,83.11314,332.58,300.68,3.74,n,2024-01-04,747,N,D,33,power_plant,19123.105763091913,,,6354_24590,1,1,1,0.14285714285714285,3.74,0.1,0.0,2,0,1,other_false_positive
258,21.48781,83.23456,346.25,302.74,12.9,n,2024-01-04,747,N,D,67,quarry,19758.072688508255,,,6357_24626,1,1,1,0.14285714285714285,12.9,0.1,0.0,2,1,1,other_false_positive
259,21.50094,84.14971,333.8,300.19,2.0,n,2024-01-04,747,N,D,384,industrial,5800.692135622994,,,6361_24896,1,1,1,0.14285714285714285,2.0,0.1,0.0,2,0,1,other_false_positive
260,21.50254,84.15028,331.93,299.63,2.32,n,2024-01-04,747,N,D,385,industrial,5888.5671334072695,,,6362_24897,1,1,1,0.14285714285714285,2.32,0.1,0.0,2,0,1,other_false_positive
261,21.50497,83.55222,336.08,300.28,4.07,n,2024-01-04,747,N,D,111,industrial,1529.9621902883578,,,6362_24720,1,1,1,0.14285714285714285,4.07,0.1,0.0,1,-1,1,other_false_positive
262,21.51037,84.01645,332.85,299.6,3.3,n,2024-01-04,747,N,D,105,industrial_works,10740.707171241489,,,6364_24857,1,1,1,0.14285714285714285,3.3,0.1,0.0,1,0,1,other_false_positive
263,21.52564,83.48647,330.17,299.2,1.33,n,2024-01-04,747,N,D,163,industrial,4873.659004019242,,,6369_24700,1,1,1,0.14285714285714285,1.33,0.1,0.0,1,-1,1,other_false_positive
264,21.59412,83.25101,332.2,300.12,1.74,n,2024-01-04,747,N,D,67,quarry,8003.3126165144,,,6389_24630,1,1,1,0.14285714285714285,1.74,0.1,0.0,1,0,1,other_false_positive
265,21.62275,83.27963,335.32,300.64,3.93,n,2024-01-04,747,N,D,67,quarry,4238.1384471993715,,,6397_24639,1,1,1,0.14285714285714285,3.93,0.1,0.0,1,-1,1,other_false_positive
266,21.62664,83.30806,329.99,299.77,3.44,n,2024-01-04,747,N,D,67,quarry,4773.626738243375,,,6398_24647,1,1,1,0.14285714285714285,3.44,0.1,0.0,1,-5,1,other_false_positive
267,21.65394,83.40389,335.04,301.66,3.66,n,2024-01-04,747,N,D,177,industrial,4161.447109133658,,,6406_24676,1,1,1,0.14285714285714285,3.66,0.1,0.0,2,0,1,other_false_positive
268,21.67946,83.00896,334.4,299.67,4.59,n,2024-01-04,747,N,D,66,quarry,5405.085225347536,,,6414_24559,1,1,1,0.14285714285714285,4.59,0.1,0.0,1,0,1,other_false_positive
269,21.67963,84.04005,331.08,304.17,5.28,n,2024-01-04,747,N,D,304,industrial,461.8608527754347,,,6414_24864,4,4,4,0.8571428571428571,2.6955555555555555,1.2316057720625453,2.098434826361952,5,4,1,industrial_event
270,21.69355,83.51126,336.54,302.12,3.9,n,2024-01-04,747,N,D,180,quarry,4121.354898144126,,,6418_24707,1,1,1,0.14285714285714285,3.9,0.1,0.0,1,0,1,other_false_positive
271,21.69613,83.42661,336.81,300.99,4.47,n,2024-01-04,747,N,D,177,industrial,5006.5005215708725,,,6419_24682,1,1,1,0.14285714285714285,4.47,0.1,0.0,2,0,1,other_false_positive
272,21.70163,83.31294,330.9,301.67,3.41,n,2024-01-04,747,N,D,67,quarry,5629.938889032392,,,6421_24649,1,1,1,0.14285714285714285,3.41,0.1,0.0,2,0,1,other_false_positive
273,21.70208,83.17326,332.54,301.1,2.73,n,2024-01-04,747,N,D,61,quarry,3516.7473877229004,,,6421_24607,1,1,1,0.14285714285714285,2.73,0.1,0.0,2,-1,1,other_false_positive
274,21.71815,83.43156,336.8,300.36,4.76,n,2024-01-04,747,N,D,43,power_plant,4619.573788904784,,,6425_24684,1,1,1,0.14285714285714285,4.76,0.1,0.0,2,0,1,other_false_positive
275,21.72313,83.43207,331.19,301.15,3.54,n,2024-01-04,747,N,D,43,power_plant,4097.380763506243,,,6427_24684,1,1,1,0.14285714285714285,3.54,0.1,0.0,2,0,1,other_false_positive
276,21.72909,83.29315,329.94,299.86,3.98,n,2024-01-04,747,N,D,24,power_plant,2273.7442855995682,,,6429_24643,1,1,1,0.14285714285714285,3.98,0.1,0.0,4,2,1,other_false_positive
277,21.73092,83.38467,332.2,300.62,1.83,n,2024-01-04,747,N,D,43,power_plant,7283.584114361225,,,6429_24670,1,1,1,0.14285714285714285,1.83,0.1,0.0,2,0,1,other_false_positive
278,21.74081,83.2498,332.26,299.77,1.34,n,2024-01-04,747,N,D,24,power_plant,2683.3019958011046,,,6432_24630,1,1,1,0.14285714285714285,1.34,0.1,0.0,4,2,1,other_false_positive
279,21.76652,83.13012,337.04,300.67,3.53,n,2024-01-04,747,N,D,65,quarry,6458.515283952238,,,6440_24595,1,1,1,0.14285714285714285,3.53,0.1,0.0,2,-1,1,other_false_positive
280,21.76679,83.23327,335.23,302.22,5.7,n,2024-01-04,747,N,D,24,power_plant,5203.995118759408,,,6440_24625,1,1,1,0.14285714285714285,5.7,0.1,0.0,4,2,1,other_false_positive
281,21.77193,83.24489,333.48,300.45,2.22,n,2024-01-04,747,N,D,24,power_plant,4633.395374386426,,,6441_24629,1,1,1,0.14285714285714285,2.22,0.1,0.0,4,2,1,other_false_positive
282,21.79334,83.00317,335.85,300.41,3.13,n,2024-01-04,747,N,D,65,quarry,7053.303815419607,,,6448_24557,1,1,1,0.14285714285714285,3.13,0.1,0.0,2,0,1,other_false_positive
283,21.79677,83.00262,333.79,299.58,3.13,n,2024-01-04,747,N,D,65,quarry,7229.29483072677,,,6449_24557,1,1,1,0.14285714285714285,3.13,0.1,0.0,2,0,1,other_false_positive
284,21.79811,84.34238,328.0,298.64,1.51,n,2024-01-04,747,N,D,97,industrial,21643.621344035055,,,6449_24953,1,1,1,0.14285714285714285,1.51,0.1,0.0,1,0,1,other_false_positive
285,21.80525,83.24403,331.0,298.17,3.08,n,2024-01-04,747,N,D,24,power_plant,7775.9923932832535,,,6451_24628,1,1,1,0.14285714285714285,3.08,0.1,0.0,2,1,1,other_false_positive
286,21.83663,83.03709,334.03,300.85,2.85,n,2024-01-04,747,N,D,65,quarry,7617.098959623094,,,6461_24567,1,1,1,0.14285714285714285,2.85,0.1,0.0,2,1,1,other_false_positive
287,21.84659,83.13403,342.69,300.22,4.97,n,2024-01-04,747,N,D,34,power_plant,4666.9375795906235,,,6463_24596,1,1,1,0.14285714285714285,4.97,0.1,0.0,4,0,1,other_false_positive
288,21.85489,83.21958,343.47,299.05,3.64,n,2024-01-04,747,N,D,25,power_plant,6675.004241616036,,,6466_24621,1,1,1,0.14285714285714285,3.64,0.1,0.0,2,1,1,other_false_positive
289,21.8676,83.00764,330.83,298.48,2.37,n,2024-01-04,747,N,D,34,power_plant,11873.333995949664,,,6470_24558,1,1,1,0.14285714285714285,2.37,0.1,0.0,2,1,1,other_false_positive
290,21.87153,84.44865,332.46,299.22,4.35,n,2024-01-04,747,N,D,373,power_plant,25929.30316803049,,,6471_24985,1,1,1,0.14285714285714285,4.35,0.1,0.0,1,0,1,other_false_positive
291,21.8724,83.1423,329.9,298.47,2.3,n,2024-01-04,747,N,D,34,power_plant,2750.917840836696,,,6471_24598,1,1,1,0.14285714285714285,2.3,0.1,0.0,4,0,1,other_false_positive
292,21.87747,83.1787,342.36,300.42,9.61,n,2024-01-04,747,N,D,25,power_plant,3784.610124777923,,,6473_24609,1,1,1,0.14285714285714285,9.61,0.1,0.0,4,0,1,other_false_positive
293,21.88155,83.15737,333.81,298.61,2.35,n,2024-01-04,747,N,D,34,power_plant,3841.319062872509,,,6474_24603,1,1,1,0.14285714285714285,2.35,0.1,0.0,4,0,1,other_false_positive
294,21.92263,83.35067,335.73,303.13,5.32,n,2024-01-04,747,N,D,399,power_plant,664.1422101912519,,,6486_24660,5,5,5,0.7142857142857143,3.918,1.424849309771232,0.9839637008527586,5,2,1,other_false_positive
295,21.97333,83.21799,341.01,297.32,3.8,n,2024-01-04,747,N,D,403,power_plant,1936.8487516349253,,,6501_24621,1,1,1,0.14285714285714285,3.8,0.1,0.0,2,-1,1,other_false_positive
296,22.00341,83.06446,332.51,299.36,4.02,n,2024-01-04,747,N,D,60,industrial,8764.528211421437,,,6510_24575,1,1,1,0.14285714285714285,4.02,0.1,0.0,5,0,1,other_false_positive
297,22.00396,83.06849,332.38,298.62,4.02,n,2024-01-04,747,N,D,60,industrial,8403.340901302552,,,6510_24576,1,1,1,0.14285714285714285,4.02,0.1,0.0,5,0,1,other_false_positive
298,22.00575,83.05586,334.65,299.38,4.37,n,2024-01-04,747,N,D,60,industrial,9685.840888456465,,,6511_24573,1,1,1,0.14285714285714285,4.37,0.1,0.0,5,0,1,other_false_positive
299,22.00643,83.03521,334.32,299.01,3.91,n,2024-01-04,747,N,D,60,industrial,11721.71709024214,,,6511_24567,1,1,1,0.14285714285714285,3.91,0.1,0.0,5,0,1,other_false_positive
300,22.02073,83.75023,328.51,301.62,2.68,l,2024-01-04,747,N,D,59,quarry,982.9749583812431,,,6515_24778,3,3,3,0.42857142857142855,2.0525,0.7056616280720764,0.8892363918304298,14,4,1,other_false_positive
301,22.02732,83.99156,334.64,297.92,3.72,n,2024-01-04,747,N,D,422,quarry,11574.86119948674,,,6517_24850,1,1,1,0.14285714285714285,3.72,0.1,0.0,1,0,1,other_false_positive
302,22.03283,83.02277,328.91,299.55,1.87,l,2024-01-04,747,N,D,108,quarry,11657.888656117933,,,6519_24563,1,1,1,0.14285714285714285,1.87,0.1,0.0,5,0,1,other_false_positive
303,22.04081,83.73848,348.67,307.91,7.54,n,2024-01-04,747,N,D,59,quarry,2022.832345416156,,,6521_24775,6,6,6,0.7142857142857143,4.322222222222222,2.7628417335136017,1.1646623614902538,14,4,1,other_false_positive
304,22.04377,83.73369,343.51,304.37,9.04,n,2024-01-04,747,N,D,350,quarry,2115.559835065115,,,6522_24773,3,3,3,0.42857142857142855,4.35,3.420341113592814,1.3712082638077883,14,4,1,other_false_positive
305,22.12627,83.95487,332.12,298.55,5.3,n,2024-01-04,747,N,D,422,quarry,14659.53040153254,,,6546_24839,1,1,1,0.14285714285714285,5.3,0.1,0.0,1,0,1,other_false_positive
306,22.16413,83.08891,334.05,297.03,3.71,n,2024-01-04,747,N,D,108,quarry,7617.604521011149,,,6557_24583,1,1,1,0.14285714285714285,3.71,0.1,0.0,1,0,1,other_false_positive
307,21.67705,84.04041,303.59,289.04,1.4,n,2024-01-04,2016,N,N,304,industrial,225.9899087880522,,,6413_24864,1,1,1,0.2857142857142857,1.795,0.5586143571373726,-0.7071067811865475,5,4,1,other_false_positive
308,21.67783,84.03601,306.61,288.24,1.4,n,2024-01-04,2016,N,N,304,industrial,681.352224444314,,,6414_24863,3,3,3,0.5714285714285714,2.545,0.847919021290752,-1.3503648004699953,5,4,1,other_false_positive
309,21.68063,84.04114,313.55,291.67,1.4,n,2024-01-04,2016,N,N,304,industrial,523.523489827169,,,6414_24864,4,4,4,0.8571428571428571,2.6955555555555555,1.2316057720625453,-1.0519239069381063,5,4,1,other_false_positive
310,21.69732,84.03083,301.69,289.04,0.67,n,2024-01-04,2016,N,N,339,industrial,275.4871969850602,,,6419_24861,1,1,1,0.14285714285714285,0.67,0.1,0.0,5,4,1,other_false_positive
311,21.75412,84.02409,318.76,290.41,2.12,n,2024-01-04,2016,N,N,6,industrial,656.1546074424161,,,6436_24859,2,2,2,0.42857142857142855,1.616666666666667,0.43821608064211126,1.1485962190064012,7,3,1,other_false_positive
312,21.75597,84.02242,331.24,291.78,5.01,n,2024-01-04,2016,N,N,6,industrial,396.77364094489826,,,6437_24859,5,5,5,0.8571428571428571,2.7885714285714287,1.0967137057504808,2.0255318774451245,7,3,1,industrial_event
313,21.75711,83.81717,304.97,289.1,0.99,n,2024-01-04,2016,N,N,49,quarry,999.7246123683345,,,6437_24798,1,1,1,0.42857142857142855,1.2666666666666666,0.29670411748631553,-0.9324665562803554,2,0,1,other_false_positive
314,21.7577,84.02482,319.62,290.55,2.12,n,2024-01-04,2016,N,N,6,industrial,430.1649796607956,,,6437_24859,5,5,5,0.8571428571428571,2.7885714285714287,1.0967137057504808,-0.6096134525043848,7,3,1,industrial_persistent
315,21.75966,83.8446,313.72,290.34,1.55,n,2024-01-04,2016,N,N,352,industrial,978.1183879052442,,,6438_24806,2,2,2,0.5714285714285714,1.85,0.9280355596635292,-0.32326347506421926,2,0,1,other_false_positive
316,21.76392,84.01949,311.28,291.78,2.89,n,2024-01-04,2016,N,N,6,industrial,535.4412953844721,,,6439_24858,3,3,3,0.8571428571428571,2.231666666666667,0.6705047849692548,0.9818473306846278,7,3,1,other_false_positive
317,21.7667,84.0246,305.33,288.63,0.55,n,2024-01-04,2016,N,N,408,power_plant,777.7478324512888,,,6440_24859,2,2,2,0.42857142857142855,1.16,0.6002499479383567,-1.0162433201287748,7,3,1,other_false_positive
318,21.76749,84.0202,315.52,290.78,1.78,n,2024-01-04,2016,N,N,408,power_plant,383.417369525725,,,6440_24858,2,2,2,0.7142857142857143,2.436666666666667,1.721785894548642,-0.38138694755587427,7,3,1,industrial_persistent
319,21.77107,84.02094,305.76,289.52,1.78,n,2024-01-04,2016,N,N,408,power_plant,289.8621202597319,,,6441_24858,3,3,3,0.2857142857142857,1.7699999999999998,0.3251153641401771,0.030758312596043967,7,3,1,other_false_positive
320,21.7952,83.98951,303.13,289.15,0.82,n,2024-01-04,2016,N,N,112,industrial,579.9583600270306,,,6448_24849,1,1,1,0.2857142857142857,0.685,0.1909188309203678,0.7071067811865471,1,0,1,other_false_positive
321,21.85844,83.96616,304.91,289.52,1.17,n,2024-01-04,2016,N,N,54,industrial,164.0361483571088,,,6467_24842,2,2,2,0.42857142857142855,0.9933333333333332,0.28041635710730806,0.6300155543318074,1,0,1,other_false_positive
322,21.8749,83.49658,301.31,288.39,0.53,n,2024-01-04,2016,N,N,70,industrial,244.44676732546313,,,6472_24703,1,1,1,0.2857142857142857,0.675,0.2050609665440987,-0.7071067811865479,1,0,1,other_false_positive
323,21.87938,83.55379,312.07,289.45,1.07,n,2024-01-04,2016,N,N,62,industrial,182.66584135198534,,,6473_24720,2,2,2,0.5714285714285714,1.415,0.3431714828867146,-1.00532828980399,1,-1,1,other_false_positive
324,21.91836,83.35056,312.51,290.45,2.23,n,2024-01-04,2016,N,N,399,power_plant,974.3192813758534,,,6485_24660,4,4,4,0.7142857142857143,2.841666666666667,1.3575480347548172,-0.4505672366702944,5,2,1,other_false_positive
325,21.92184,83.35123,330.64,295.81,4.0,n,2024-01-04,2016,N,N,399,power_plant,758.1991971098211,,,6486_24660,5,5,5,0.7142857142857143,3.918,1.424849309771232,0.05754994541364198,5,2,1,other_false_positive
326,21.92398,83.33887,300.93,288.97,3.73,n,2024-01-04,2016,N,N,399,power_plant,655.8130940953232,,,6486_24656,2,2,2,0.42857142857142855,3.483333333333333,1.9716067897360605,0.12510946297749784,5,2,1,other_false_positive
327,21.98461,83.36628,299.39,288.64,0.75,n,2024-01-04,2016,N,N,129,industrial,1893.3985501745703,,,6504_24665,1,1,1,0.14285714285714285,0.75,0.1,0.0,5,2,1,other_false_positive
328,21.98529,83.23224,313.01,290.8,1.74,n,2024-01-04,2016,N,N,403,power_plant,257.9588303843227,,,6505_24625,2,2,2,0.42857142857142855,1.45,0.28053520278211075,1.0337383584093027,2,-1,1,other_false_positive
329,22.01816,83.75314,309.85,289.56,1.74,n,2024-01-04,2016,N,N,59,quarry,1209.237329011818,,,6514_24779,1,1,1,0.14285714285714285,1.74,0.1,0.0,14,4,1,other_false_positive
330,22.01832,83.75494,306.02,288.58,1.8,n,2024-01-04,2016,N,N,59,quarry,1200.5678561725608,,,6514_24780,2,2,2,0.42857142857142855,1.0933333333333335,0.613297100379036,1.1522419822789403,14,4,1,other_false_positive
331,22.01892,83.74886,323.17,288.63,1.74,n,2024-01-04,2016,N,N,59,quarry,1221.4826227022613,,,6514_24778,2,2,2,0.42857142857142855,1.6933333333333334,0.6412747721011122,0.07277171767379075,14,4,1,other_false_positive
332,22.01906,83.75063,325.0,289.97,1.8,n,2024-01-04,2016,N,N,59,quarry,1147.3443694820428,,,6515_24778,3,3,3,0.42857142857142855,2.0525,0.7056616280720764,-0.3578202214138385,14,4,1,other_false_positive
333,22.02109,83.30103,299.5,288.39,0.51,n,2024-01-04,2016,N,N,45,industrial,228.75286531923314,,,6515_24645,1,1,1,0.14285714285714285,0.51,0.1,0.0,4,2,1,other_false_positive
334,22.02209,83.37798,311.76,289.24,1.52,n,2024-01-04,2016,N,N,125,industrial,214.4705471543472,,,6515_24668,2,2,2,0.42857142857142855,1.0766666666666664,0.47815618090048084,0.9271726499455312,4,2,1,other_false_positive
335,22.03262,83.3587,300.45,288.81,0.8,n,2024-01-04,2016,N,N,125,industrial,2492.872934070083,,,6519_24662,1,1,1,0.14285714285714285,0.8,0.1,0.0,4,2,1,other_false_positive
336,22.03752,83.3511,313.99,290.08,1.81,n,2024-01-04,2016,N,N,46,industrial,2684.2812710433996,,,6520_24660,3,3,3,0.42857142857142855,1.8,0.3206243908376279,0.0311891430775903,4,2,1,other_false_positive
337,22.03879,83.73969,310.48,290.04,2.22,n,2024-01-04,2016,N,N,59,quarry,1785.5201479750365,,,6520_24775,1,1,1,0.2857142857142857,1.9200000000000002,0.42426406871192857,0.7071067811865476,14,4,1,other_false_positive
338,22.03955,83.73542,323.14,289.21,2.22,n,2024-01-04,2016,N,N,59,quarry,2197.1356907329114,,,6521_24774,3,3,3,0.7142857142857143,4.3,1.8616428996223429,-1.1172926883141516,14,4,1,other_false_positive
339,22.04231,83.74042,300.55,290.33,1.64,n,2024-01-04,2016,N,N,59,quarry,1992.76487732653,,,6521_24775,6,6,6,0.7142857142857143,4.322222222222222,2.7628417335136017,-0.9708200761869726,14,4,1,other_false_positive
340,22.04306,83.73615,336.4,292.84,1.64,n,2024-01-04,2016,N,N,350,quarry,2319.943631642556,,,6522_24774,5,5,5,0.8571428571428571,2.0955555555555554,0.8400611750210683,-0.542288548859707,14,4,1,other_false_positive
341,22.04382,83.7319,312.84,290.09,2.5,n,2024-01-04,2016,N,N,350,quarry,2022.2835297897457,,,6522_24773,3,3,3,0.42857142857142855,4.35,3.420341113592814,-0.5408817245297245,14,4,1,other_false_positive
342,22.04658,83.73688,301.36,288.0,1.64,n,2024-01-04,2016,N,N,350,quarry,2064.4422382562343,,,6523_24774,1,1,1,0.14285714285714285,1.64,0.1,0.0,14,4,1,other_false_positive
343,22.05587,83.72553,309.63,289.8,1.65,n,2024-01-04,2016,N,N,350,quarry,533.8971084445723,,,6525_24771,2,2,2,0.2857142857142857,1.365,0.40305086527633194,0.7071067811865476,14,4,1,other_false_positive
344,22.10227,83.11938,310.66,289.79,2.03,n,2024-01-04,2016,N,N,108,quarry,957.9583344050353,,,6539_24592,3,3,3,0.5714285714285714,1.416,0.41608893280163073,1.475646073703005,3,2,1,other_false_positive
345,22.10502,83.12409,305.17,289.55,0.79,n,2024-01-04,2016,N,N,108,quarry,1529.4384001311948,,,6540_24593,2,2,2,0.42857142857142855,0.79,0.22000000000000008,0.0,3,2,1,other_false_positive
346,22.10532,83.52618,314.59,289.67,1.4,n,2024-01-04,2016,N,N,117,industrial,534.3805590330107,,,6540_24712,1,1,1,0.42857142857142855,1.1233333333333333,0.32192131543800157,0.8594232608991358,2,1,1,other_false_positive
347,22.10571,83.12007,311.78,290.86,1.56,n,2024-01-04,2016,N,N,108,quarry,1228.1248172602677,,,6540_24592,3,3,3,0.42857142857142855,1.2125,0.24308777564218784,1.429524784131891,3,2,1,other_false_positive
348,22.10604,83.52203,303.58,289.76,1.4,n,2024-01-04,2016,N,N,117,industrial,193.80588761928567,,,6540_24711,1,1,1,0.5714285714285714,1.5274999999999999,0.43980109140382995,-0.2899037826236955,2,1,1,other_false_positive
349,22.20847,84.86227,307.87,289.1,1.52,n,2024-01-04,2016,N,N,179,power_plant,1721.462954141442,,,6571_25107,1,1,1,0.5714285714285714,1.13,0.372111094522411,1.048074098678914,6,0,1,other_false_positive
350,22.20958,84.87731,302.2,288.82,1.67,n,2024-01-04,2016,N,N,232,power_plant,1367.5121838188243,,,6571_25112,1,1,1,0.14285714285714285,1.67,0.1,0.0,6,0,1,other_false_positive
351,22.21192,84.8433,304.37,288.04,0.54,n,2024-01-04,2016,N,N,179,power_plant,829.7888531775673,,,6572_25102,2,2,2,0.2857142857142857,0.86,0.4525483399593903,-0.7071067811865476,6,0,1,other_false_positive
352,22.21217,84.86305,306.22,290.04,1.8,n,2024-01-04,2016,N,N,179,power_plant,1595.3011866641114,,,6572_25107,1,1,1,0.2857142857142857,1.605,0.2757716446627536,0.7071067811865476,6,0,1,other_false_positive
353,22.21415,84.87334,313.53,290.54,1.67,n,2024-01-04,2016,N,N,232,power_plant,1010.4736130831992,,,6572_25110,2,2,2,0.2857142857142857,3.795,3.005203820042827,-0.7071067811865476,6,0,1,other_false_positive
354,22.21501,84.8686,306.03,288.09,1.8,n,2024-01-04,2016,N,N,232,power_plant,1278.5378651414228,,,6572_25109,3,3,3,0.7142857142857143,3.0933333333333333,0.9534498763263155,-1.3564775301210419,6,0,1,other_false_positive
355,22.21999,84.75671,298.79,288.23,0.81,n,2024-01-04,2016,N,N,68,industrial,357.4179680086537,,,6574_25076,3,3,3,0.42857142857142855,1.6600000000000001,0.80876448982383,-1.05098580698709,2,1,1,other_false_positive
356,22.22452,84.75281,299.28,288.62,1.07,n,2024-01-04,2016,N,N,68,industrial,456.1205977642779,,,6575_25075,1,1,1,0.14285714285714285,1.07,0.1,0.0,2,1,1,other_false_positive
357,21.01604,83.72079,328.49,299.94,2.09,n,2024-01-05,728,N,D,361,power_plant,13481.78957194176,,,6218_24769,1,1,1,0.14285714285714285,2.09,0.1,0.0,6,0,1,other_false_positive
358,21.02108,83.57945,336.17,300.74,3.13,n,2024-01-05,728,N,D,281,industrial,7284.000645351944,,,6219_24728,1,1,1,0.14285714285714285,3.13,0.1,0.0,1,0,1,other_false_positive
359,21.02977,83.80418,332.0,300.61,3.06,n,2024-01-05,728,N,D,361,power_plant,4675.37670186715,,,6222_24794,1,1,1,0.14285714285714285,3.06,0.1,0.0,4,2,1,other_false_positive
360,21.03041,83.80814,332.55,301.97,3.69,n,2024-01-05,728,N,D,361,power_plant,4257.414635743208,,,6222_24795,1,1,1,0.14285714285714285,3.69,0.1,0.0,4,2,1,other_false_positive
361,21.03596,83.79894,335.24,301.33,3.31,n,2024-01-05,728,N,D,361,power_plant,5156.837736439595,,,6224_24793,1,1,1,0.14285714285714285,3.31,0.1,0.0,6,0,1,other_false_positive
362,21.03692,83.84772,346.03,299.54,5.76,n,2024-01-05,728,N,D,361,power_plant,84.71238939415173,,,6224_24807,1,1,1,0.14285714285714285,5.76,0.1,0.0,4,2,1,other_false_positive
363,21.03757,83.85168,331.86,298.15,5.76,n,2024-01-05,728,N,D,361,power_plant,342.22515597553,,,6224_24808,1,1,1,0.14285714285714285,5.76,0.1,0.0,4,2,1,other_false_positive
364,21.03824,83.76993,332.98,301.1,3.3,n,2024-01-05,728,N,D,361,power_plant,8175.111012651053,,,6224_24784,1,1,1,0.14285714285714285,3.3,0.1,0.0,6,0,1,other_false_positive
365,21.0415,83.78975,333.12,301.22,6.53,n,2024-01-05,728,N,D,361,power_plant,6134.593530984026,,,6225_24790,1,1,1,0.14285714285714285,6.53,0.1,0.0,6,0,1,other_false_positive
366,21.05111,83.78387,337.07,300.77,4.29,n,2024-01-05,728,N,D,361,power_plant,6909.191066805335,,,6228_24788,2,2,2,0.2857142857142857,3.4850000000000003,1.1384419177103413,0.7071067811865474,6,0,1,other_false_positive
367,21.05425,83.65187,329.0,299.01,1.29,l,2024-01-05,728,N,D,281,industrial,9882.067869686209,,,6229_24749,1,1,1,0.14285714285714285,1.29,0.1,0.0,3,0,1,other_false_positive
368,21.06563,83.66257,332.32,299.6,1.76,n,2024-01-05,728,N,D,281,industrial,10609.45278522356,,,6232_24752,1,1,1,0.14285714285714285,1.76,0.1,0.0,3,0,1,other_false_positive
369,21.07746,83.6273,334.15,299.56,2.1,n,2024-01-05,728,N,D,281,industrial,6775.291471526037,,,6236_24742,1,1,1,0.14285714285714285,2.1,0.1,0.0,3,0,1,other_false_positive
370,21.0871,83.47166,329.39,299.83,1.56,n,2024-01-05,728,N,D,363,industrial,2612.3237227863765,,,6239_24696,1,1,1,0.14285714285714285,1.56,0.1,0.0,1,0,1,other_false_positive
371,21.09669,83.743,338.93,299.25,2.61,n,2024-01-05,728,N,D,361,power_plant,12825.94360952382,,,6242_24776,1,1,1,0.14285714285714285,2.61,0.1,0.0,6,0,1,other_false_positive
372,21.11301,83.75633,333.01,300.48,5.66,n,2024-01-05,728,N,D,284,industrial,11937.518782832949,,,6246_24780,1,1,1,0.14285714285714285,5.66,0.1,0.0,5,4,1,other_false_positive
373,21.11643,83.75569,329.0,297.99,2.53,n,2024-01-05,728,N,D,284,industrial,11642.826429182252,,,6247_24780,1,1,1,0.14285714285714285,2.53,0.1,0.0,5,4,1,other_false_positive
374,21.11977,83.66891,328.98,300.91,2.2,l,2024-01-05,728,N,D,314,industrial,10870.802586353158,,,6248_24754,1,1,1,0.14285714285714285,2.2,0.1,0.0,3,1,1,other_false_positive
375,21.13007,83.66698,335.13,299.2,2.63,n,2024-01-05,728,N,D,314,industrial,10212.606774837624,,,6252_24754,1,1,1,0.14285714285714285,2.63,0.1,0.0,3,1,1,other_false_positive
376,21.16333,83.78371,332.2,299.43,2.31,n,2024-01-05,728,N,D,284,industrial,5689.884214902281,,,6261_24788,1,1,1,0.14285714285714285,2.31,0.1,0.0,5,4,1,other_false_positive
377,21.16403,83.60305,340.09,300.07,3.41,n,2024-01-05,728,N,D,314,industrial,2825.6361216002592,,,6262_24735,1,1,1,0.14285714285714285,3.41,0.1,0.0,3,1,1,other_false_positive
378,21.16952,83.77847,334.3,300.28,3.68,n,2024-01-05,728,N,D,284,industrial,5461.088088712069,,,6263_24787,1,1,1,0.14285714285714285,3.68,0.1,0.0,5,4,1,other_false_positive
379,21.17267,83.50602,339.62,300.03,3.72,n,2024-01-05,728,N,D,412,power_plant,173.33052788581404,,,6264_24706,1,1,1,0.14285714285714285,3.72,0.1,0.0,1,0,1,other_false_positive
380,21.17442,83.76528,328.91,299.88,2.11,l,2024-01-05,728,N,D,284,industrial,6106.436099450152,,,6265_24783,1,1,1,0.14285714285714285,2.11,0.1,0.0,5,4,1,other_false_positive
381,21.17607,83.29111,331.57,297.93,4.23,n,2024-01-05,728,N,D,144,industrial,14513.246334395737,,,6265_24642,1,1,1,0.14285714285714285,4.23,0.1,0.0,1,0,1,other_false_positive
382,21.20257,83.81325,331.69,300.14,2.23,n,2024-01-05,728,N,D,284,industrial,474.427024807758,,,6273_24797,1,1,1,0.14285714285714285,2.23,0.1,0.0,6,5,1,other_false_positive
383,21.21122,83.92922,328.72,299.13,2.26,n,2024-01-05,728,N,D,290,industrial,8889.72923984313,,,6276_24831,2,2,2,0.14285714285714285,2.235,0.1,0.2499999999999991,2,0,1,other_false_positive
384,21.21156,83.92908,328.14,298.88,2.21,n,2024-01-05,728,N,D,290,industrial,8855.111184911075,,,6276_24831,2,2,2,0.14285714285714285,2.235,0.1,-0.2499999999999991,2,0,1,other_false_positive
385,21.2127,83.61869,329.26,299.5,1.98,l,2024-01-05,728,N,D,365,industrial,2917.007773226965,,,6276_24739,1,1,1,0.14285714285714285,1.98,0.1,0.0,3,2,1,other_false_positive
386,21.22824,83.16782,333.88,298.43,4.68,n,2024-01-05,728,N,D,33,power_plant,16896.66997587481,,,6281_24606,1,1,1,0.14285714285714285,4.68,0.1,0.0,1,-5,1,other_false_positive
387,21.23092,83.66472,330.46,299.08,1.45,n,2024-01-05,728,N,D,365,industrial,8083.438831465842,,,6281_24753,1,1,1,0.14285714285714285,1.45,0.1,0.0,3,2,1,other_false_positive
388,21.24174,83.77334,334.23,301.32,2.44,n,2024-01-05,728,N,D,345,industrial,5387.135090314775,,,6285_24785,1,1,1,0.14285714285714285,2.44,0.1,0.0,4,3,1,other_false_positive
389,21.24382,83.85023,332.02,299.92,4.14,n,2024-01-05,728,N,D,283,industrial,2164.237742126242,,,6285_24808,1,1,1,0.14285714285714285,4.14,0.1,0.0,6,5,1,other_false_positive
390,21.24935,83.84109,344.9,302.03,8.99,n,2024-01-05,728,N,D,282,quarry,1568.2644459185656,,,6287_24805,1,1,1,0.14285714285714285,8.99,0.1,0.0,6,5,1,other_false_positive
391,21.25004,83.75952,343.71,302.22,4.34,n,2024-01-05,728,N,D,205,industrial,4774.328117498986,,,6287_24781,1,1,1,0.14285714285714285,4.34,0.1,0.0,4,3,1,other_false_positive
392,21.25069,83.76349,331.53,301.44,4.34,n,2024-01-05,728,N,D,345,industrial,4759.296680327495,,,6287_24782,1,1,1,0.14285714285714285,4.34,0.1,0.0,4,3,1,other_false_positive
393,21.2605,83.46567,343.03,302.07,4.65,n,2024-01-05,728,N,D,145,industrial,4181.172265298906,,,6290_24694,1,1,1,0.14285714285714285,4.65,0.1,0.0,2,0,1,other_false_positive
394,21.26299,83.83855,330.34,300.89,1.62,l,2024-01-05,728,N,D,290,industrial,2423.4462530275155,,,6291_24804,1,1,1,0.14285714285714285,1.62,0.1,0.0,6,5,1,other_false_positive
395,21.26325,83.88312,333.53,300.1,1.72,n,2024-01-05,728,N,D,289,industrial,1911.3782546212221,,,6291_24817,1,1,1,0.14285714285714285,1.72,0.1,0.0,6,5,1,other_false_positive
396,21.26395,83.46502,337.07,300.22,3.97,n,2024-01-05,728,N,D,145,industrial,3868.8256618283613,,,6291_24694,1,1,1,0.14285714285714285,3.97,0.1,0.0,2,0,1,other_false_positive
397,21.27116,83.57169,331.03,299.29,2.25,n,2024-01-05,728,N,D,311,industrial,1243.6002478115256,,,6293_24725,1,1,1,0.14285714285714285,2.25,0.1,0.0,1,-1,1,other_false_positive
398,21.28131,83.84325,335.37,300.48,6.09,n,2024-01-05,728,N,D,285,industrial,1863.115310111052,,,6296_24806,1,1,1,0.14285714285714285,6.09,0.1,0.0,6,5,1,other_false_positive
399,21.28405,83.60644,330.7,298.87,2.71,n,2024-01-05,728,N,D,239,quarry,442.0743402058162,,,6297_24736,1,1,1,0.14285714285714285,2.71,0.1,0.0,3,2,1,mining
400,21.29031,83.02293,339.17,301.49,5.25,n,2024-01-05,728,N,D,33,power_plant,3686.6153326602407,,,6299_24563,1,1,1,0.14285714285714285,5.25,0.1,0.0,2,0,1,other_false_positive
401,21.29382,83.02226,332.17,299.32,5.25,n,2024-01-05,728,N,D,33,power_plant,3372.5878320043084,,,6300_24563,1,1,1,0.14285714285714285,5.25,0.1,0.0,2,0,1,other_false_positive
402,21.29457,83.39232,334.94,300.95,12.56,n,2024-01-05,728,N,D,143,industrial,1114.0755329521394,,,6300_24672,1,1,1,0.14285714285714285,12.56,0.1,0.0,2,0,1,other_false_positive
403,21.29577,83.71929,335.92,300.74,4.26,n,2024-01-05,728,N,D,205,industrial,2307.803430519338,,,6301_24769,1,1,1,0.14285714285714285,4.26,0.1,0.0,4,3,1,other_false_positive
404,21.29803,83.39166,339.62,300.76,12.56,n,2024-01-05,728,N,D,143,industrial,1407.9753516952733,,,6301_24672,1,1,1,0.14285714285714285,12.56,0.1,0.0,2,0,1,other_false_positive
405,21.30742,83.59792,333.27,300.14,2.7,n,2024-01-05,728,N,D,321,industrial,315.1831948080625,,,6304_24733,1,1,1,0.14285714285714285,2.7,0.1,0.0,3,2,1,other_false_positive
406,21.31284,83.60926,332.37,299.94,1.85,n,2024-01-05,728,N,D,212,industrial,1421.5388346947097,,,6306_24736,1,1,1,0.14285714285714285,1.85,0.1,0.0,3,2,1,other_false_positive
407,21.31867,83.66584,331.16,299.97,5.52,n,2024-01-05,728,N,D,302,industrial,1623.094743584952,,,6307_24753,1,1,1,0.14285714285714285,5.52,0.1,0.0,3,2,1,other_false_positive
408,21.32327,83.69368,332.75,300.83,3.82,n,2024-01-05,728,N,D,302,industrial,3872.312529736071,,,6309_24761,1,1,1,0.14285714285714285,3.82,0.1,0.0,3,2,1,other_false_positive
409,21.32574,83.51585,331.67,299.52,1.77,n,2024-01-05,728,N,D,329,industrial,417.3951091563768,,,6309_24709,1,1,1,0.14285714285714285,1.77,0.1,0.0,3,2,1,other_false_positive
410,21.32891,83.85569,332.56,299.44,3.23,n,2024-01-05,728,N,D,204,industrial,1605.950748247082,,,6310_24809,1,1,1,0.14285714285714285,3.23,0.1,0.0,3,1,1,other_false_positive
411,21.33813,83.71957,333.24,300.44,2.23,n,2024-01-05,728,N,D,278,industrial,2975.946711399302,,,6313_24769,1,1,1,0.14285714285714285,2.23,0.1,0.0,3,2,1,other_false_positive
412,21.34098,83.21506,333.03,299.6,3.62,n,2024-01-05,728,N,D,144,industrial,13189.653928267055,,,6314_24620,1,1,1,0.14285714285714285,3.62,0.1,0.0,1,0,1,other_false_positive
413,21.34099,83.95042,329.56,299.87,1.91,l,2024-01-05,728,N,D,26,power_plant,3732.59771127366,,,6314_24837,1,1,1,0.14285714285714285,1.91,0.1,0.0,1,0,1,other_false_positive
414,21.35775,83.55949,331.49,299.9,3.0,n,2024-01-05,728,N,D,261,industrial,1434.757212633304,,,6319_24722,1,1,1,0.14285714285714285,3.0,0.1,0.0,3,2,1,other_false_positive
415,21.36396,83.03034,339.41,300.42,4.92,n,2024-01-05,728,N,D,33,power_plant,4888.890858458544,,,6321_24565,1,1,1,0.14285714285714285,4.92,0.1,0.0,4,1,1,other_false_positive
416,21.36746,83.02967,347.71,299.69,4.92,n,2024-01-05,728,N,D,33,power_plant,5282.629885821152,,,6322_24565,1,1,1,0.14285714285714285,4.92,0.1,0.0,4,1,1,other_false_positive
417,21.37234,83.86382,328.44,299.0,2.37,n,2024-01-05,728,N,D,346,industrial,1895.3048447015904,,,6323_24812,1,1,1,0.14285714285714285,2.37,0.1,0.0,3,1,1,other_false_positive
418,21.37299,83.86775,339.82,302.65,6.31,n,2024-01-05,728,N,D,346,industrial,2307.639588972181,,,6323_24813,1,1,1,0.14285714285714285,6.31,0.1,0.0,3,1,1,other_false_positive
419,21.38847,83.04721,336.73,299.56,5.44,n,2024-01-05,728,N,D,33,power_plant,7595.447926239457,,,6328_24570,2,2,2,0.14285714285714285,5.470000000000001,0.1,-0.3000000000000025,4,1,1,other_false_positive
420,21.38899,83.0479,343.59,299.73,5.5,n,2024-01-05,728,N,D,33,power_plant,7661.759637115367,,,6328_24570,2,2,2,0.14285714285714285,5.470000000000001,0.1,0.2999999999999936,4,1,1,other_false_positive
421,21.39848,83.30154,332.41,299.49,4.53,n,2024-01-05,728,N,D,144,industrial,11371.783031553317,,,6331_24645,1,1,1,0.14285714285714285,4.53,0.1,0.0,1,0,1,other_false_positive
422,21.39852,83.74931,352.95,303.53,6.22,n,2024-01-05,728,N,D,197,industrial,248.48343003280692,,,6331_24778,2,2,2,0.14285714285714285,8.075,2.6233661582020917,-0.7071067811865472,3,2,1,other_false_positive
423,21.3993,83.74902,352.14,302.91,9.93,n,2024-01-05,728,N,D,197,industrial,277.8377175642633,,,6331_24778,2,2,2,0.14285714285714285,8.075,2.6233661582020917,0.7071067811865476,3,2,1,other_false_positive
424,21.40193,83.74868,340.94,299.01,6.22,n,2024-01-05,728,N,D,197,industrial,455.321123898088,,,6332_24778,1,1,1,0.14285714285714285,6.22,0.1,0.0,6,5,1,other_false_positive
425,21.40573,83.91824,342.05,299.42,4.78,n,2024-01-05,728,N,D,104,industrial_works,3154.36575653112,,,6333_24828,1,1,1,0.14285714285714285,4.78,0.1,0.0,1,0,1,other_false_positive
426,21.42583,83.74421,335.24,298.78,3.23,n,2024-01-05,728,N,D,198,industrial,940.4860731835647,,,6339_24776,1,1,1,0.14285714285714285,3.23,0.1,0.0,6,5,1,other_false_positive
427,21.43185,83.75938,331.51,298.84,2.25,n,2024-01-05,728,N,D,198,industrial,2648.0885568524077,,,6341_24781,1,1,1,0.14285714285714285,2.25,0.1,0.0,6,5,1,other_false_positive
428,21.43381,83.77122,332.12,298.72,2.23,n,2024-01-05,728,N,D,198,industrial,3868.6492641096197,,,6341_24784,1,1,1,0.14285714285714285,2.23,0.1,0.0,6,5,1,other_false_positive
429,21.45346,83.78383,332.38,300.02,5.32,n,2024-01-05,728,N,D,181,industrial,3130.8321654279744,,,6347_24788,1,1,1,0.14285714285714285,5.32,0.1,0.0,6,5,1,other_false_positive
430,21.45655,83.73845,332.63,299.16,3.3,n,2024-01-05,728,N,D,195,industrial,3564.692834444793,,,6348_24775,1,1,1,0.14285714285714285,3.3,0.1,0.0,6,5,1,other_false_positive
431,21.47464,83.40516,330.98,298.66,2.53,n,2024-01-05,728,N,D,163,industrial,10007.496640873067,,,6353_24676,1,1,1,0.14285714285714285,2.53,0.1,0.0,1,0,1,other_false_positive
432,21.48628,83.0896,336.12,297.05,3.37,n,2024-01-05,728,N,D,66,quarry,18083.94027107117,,,6357_24583,1,1,1,0.14285714285714285,3.37,0.1,0.0,1,0,1,other_false_positive
433,21.48881,83.25519,332.92,299.51,2.55,n,2024-01-05,728,N,D,67,quarry,19248.035813368,,,6358_24632,1,1,1,0.14285714285714285,2.55,0.1,0.0,1,-1,1,other_false_positive
434,21.49326,83.58014,332.39,298.06,2.52,n,2024-01-05,728,N,D,111,industrial,4696.340536524382,,,6359_24728,1,1,1,0.14285714285714285,2.52,0.1,0.0,2,1,1,other_false_positive
435,21.49335,83.55947,329.23,298.31,1.59,n,2024-01-05,728,N,D,111,industrial,2919.7763238704006,,,6359_24722,1,1,1,0.14285714285714285,1.59,0.1,0.0,2,1,1,other_false_positive
436,21.52156,83.12601,332.57,299.58,4.62,n,2024-01-05,728,N,D,66,quarry,15959.994517542435,,,6367_24593,1,1,1,0.14285714285714285,4.62,0.1,0.0,2,0,1,other_false_positive
437,21.52226,83.13013,339.08,299.55,4.62,n,2024-01-05,728,N,D,66,quarry,16123.415760499178,,,6368_24595,1,1,1,0.14285714285714285,4.62,0.1,0.0,2,0,1,other_false_positive
438,21.53454,84.067,337.06,299.34,3.75,n,2024-01-05,728,N,D,385,industrial,5966.173078131741,,,6371_24872,1,1,1,0.14285714285714285,3.75,0.1,0.0,1,0,1,other_false_positive
439,21.55834,83.3644,330.65,298.13,2.59,n,2024-01-05,728,N,D,178,industrial,6567.60895732352,,,6378_24664,1,1,1,0.14285714285714285,2.59,0.1,0.0,1,0,1,other_false_positive
440,21.57662,83.08975,345.2,300.73,7.92,n,2024-01-05,728,N,D,66,quarry,8798.02126424103,,,6384_24583,1,1,1,0.14285714285714285,7.92,0.1,0.0,10,0,1,other_false_positive
441,21.5815,83.09738,341.36,301.16,6.28,n,2024-01-05,728,N,D,66,quarry,8806.613389450155,,,6385_24585,1,1,1,0.14285714285714285,6.28,0.1,0.0,10,0,1,other_false_positive
442,21.58222,83.01556,331.8,298.3,2.56,n,2024-01-05,728,N,D,66,quarry,7507.425429718239,,,6385_24561,1,1,1,0.14285714285714285,2.56,0.1,0.0,10,0,1,other_false_positive
443,21.58292,83.01974,337.95,299.46,4.98,n,2024-01-05,728,N,D,66,quarry,7269.818389031949,,,6385_24562,1,1,1,0.14285714285714285,4.98,0.1,0.0,10,0,1,other_false_positive
444,21.5836,83.08841,331.37,298.4,3.39,n,2024-01-05,728,N,D,66,quarry,8072.894876449321,,,6386_24582,1,1,1,0.14285714285714285,3.39,0.1,0.0,10,0,1,other_false_positive
445,21.58429,83.09256,339.53,299.09,3.39,n,2024-01-05,728,N,D,66,quarry,8258.282856205959,,,6386_24584,1,1,1,0.14285714285714285,3.39,0.1,0.0,10,0,1,other_false_positive
446,21.58499,83.0967,340.28,299.12,3.74,n,2024-01-05,728,N,D,66,quarry,8460.630884671831,,,6386_24585,1,1,1,0.14285714285714285,3.74,0.1,0.0,10,0,1,other_false_positive
447,21.59266,83.0995,334.21,299.34,4.98,n,2024-01-05,728,N,D,66,quarry,8022.31608716727,,,6388_24586,1,1,1,0.14285714285714285,4.98,0.1,0.0,10,0,1,other_false_positive
448,21.59545,83.09469,334.81,298.23,4.98,n,2024-01-05,728,N,D,66,quarry,7453.586028891953,,,6389_24584,1,1,1,0.14285714285714285,4.98,0.1,0.0,10,0,1,other_false_positive
449,21.59614,83.09883,334.06,299.13,4.98,n,2024-01-05,728,N,D,66,quarry,7702.669674198327,,,6389_24585,1,1,1,0.14285714285714285,4.98,0.1,0.0,10,0,1,other_false_positive
450,21.60591,83.09268,334.31,301.04,7.87,n,2024-01-05,728,N,D,66,quarry,6503.864571899292,,,6392_24584,1,1,1,0.14285714285714285,7.87,0.1,0.0,6,5,1,other_false_positive
451,21.6066,83.09683,344.48,299.46,7.87,n,2024-01-05,728,N,D,66,quarry,6788.576014401485,,,6392_24585,1,1,1,0.14285714285714285,7.87,0.1,0.0,6,5,1,other_false_positive
452,21.60938,83.37141,336.44,301.06,3.16,n,2024-01-05,728,N,D,178,industrial,5302.754273749281,,,6393_24666,1,1,1,0.14285714285714285,3.16,0.1,0.0,14,13,1,other_false_positive
453,21.62057,83.33159,331.48,299.09,1.45,n,2024-01-05,728,N,D,67,quarry,6952.103053124901,,,6397_24654,1,1,1,0.14285714285714285,1.45,0.1,0.0,14,13,1,other_false_positive
454,21.63042,83.28342,347.41,300.59,6.14,n,2024-01-05,728,N,D,67,quarry,3404.06579766661,,,6400_24640,1,1,1,0.14285714285714285,6.14,0.1,0.0,8,7,1,other_false_positive
455,21.63321,83.27868,333.44,299.68,2.82,n,2024-01-05,728,N,D,67,quarry,3083.4010642892235,,,6400_24639,1,1,1,0.14285714285714285,2.82,0.1,0.0,8,7,1,other_false_positive
456,21.63388,83.28276,340.37,300.75,6.14,n,2024-01-05,728,N,D,67,quarry,3016.1952773027256,,,6401_24640,1,1,1,0.14285714285714285,6.14,0.1,0.0,8,7,1,other_false_positive
457,21.6389,83.00609,331.67,298.98,4.74,n,2024-01-05,728,N,D,66,quarry,4072.5944454703217,,,6402_24558,1,1,1,0.14285714285714285,4.74,0.1,0.0,6,5,1,other_false_positive
458,21.6459,83.00475,333.72,299.44,2.76,n,2024-01-05,728,N,D,66,quarry,4173.753491484562,,,6404_24558,1,1,1,0.14285714285714285,2.76,0.1,0.0,6,5,1,other_false_positive
459,21.64734,83.3642,333.78,299.89,3.81,n,2024-01-05,728,N,D,177,industrial,8304.099117819092,,,6405_24664,2,2,2,0.2857142857142857,3.9850000000000003,0.24748737341529187,-0.7071067811865479,14,13,1,other_false_positive
460,21.65146,83.36759,336.15,300.53,5.03,n,2024-01-05,728,N,D,177,industrial,7925.214785908621,,,6406_24665,1,1,1,0.14285714285714285,5.03,0.1,0.0,14,13,1,other_false_positive
461,21.65495,84.24758,329.37,298.51,2.07,n,2024-01-05,728,N,D,388,quarry,9391.202217360351,,,6407_24925,1,1,1,0.14285714285714285,2.07,0.1,0.0,1,0,1,other_false_positive
462,21.65769,83.36221,333.68,301.22,5.91,n,2024-01-05,728,N,D,177,industrial,8487.113536569388,,,6408_24663,1,1,1,0.14285714285714285,5.91,0.1,0.0,14,13,1,other_false_positive
463,21.65836,83.36627,334.31,302.57,5.91,n,2024-01-05,728,N,D,177,industrial,8071.337836083053,,,6408_24665,1,1,1,0.14285714285714285,5.91,0.1,0.0,14,13,1,other_false_positive
464,21.65926,83.08383,333.79,299.6,4.14,n,2024-01-05,728,N,D,66,quarry,4351.880679670327,,,6408_24581,1,1,1,0.14285714285714285,4.14,0.1,0.0,6,5,1,other_false_positive
465,21.65929,83.16913,337.57,300.74,4.66,n,2024-01-05,728,N,D,61,quarry,4400.680050158134,,,6408_24606,1,1,1,0.14285714285714285,4.66,0.1,0.0,1,-2,1,other_false_positive
466,21.65985,83.36303,342.23,299.8,7.41,n,2024-01-05,728,N,D,177,industrial,8417.326193997866,,,6408_24664,1,1,1,0.14285714285714285,7.41,0.1,0.0,14,13,1,other_false_positive
467,21.66267,83.31636,347.91,303.97,7.39,n,2024-01-05,728,N,D,67,quarry,3743.691278311778,,,6409_24650,1,1,1,0.14285714285714285,7.39,0.1,0.0,14,13,1,other_false_positive
468,21.66271,83.27428,339.43,307.95,23.01,n,2024-01-05,728,N,D,67,quarry,645.6536587206036,,,6409_24637,1,1,1,0.14285714285714285,23.01,0.1,0.0,8,7,1,other_false_positive
469,21.6634,83.27836,331.77,299.1,8.34,n,2024-01-05,728,N,D,67,quarry,328.82823996214256,,,6409_24639,1,1,1,0.14285714285714285,8.34,0.1,0.0,8,7,1,mining
470,21.66606,83.35766,336.89,300.89,2.72,n,2024-01-05,728,N,D,67,quarry,8034.714573644079,,,6410_24662,1,1,1,0.14285714285714285,2.72,0.1,0.0,14,13,1,other_false_positive
471,21.66609,83.33669,332.69,299.88,3.56,n,2024-01-05,728,N,D,67,quarry,5871.050247353641,,,6410_24656,1,1,1,0.14285714285714285,3.56,0.1,0.0,14,13,1,other_false_positive
472,21.66612,83.3157,349.65,303.1,10.22,n,2024-01-05,728,N,D,67,quarry,3714.1629146562796,,,6410_24650,1,1,1,0.14285714285714285,10.22,0.1,0.0,14,13,1,other_false_positive
473,21.66617,83.27362,341.97,299.61,10.68,n,2024-01-05,728,N,D,67,quarry,892.7708438707242,,,6410_24637,1,1,1,0.14285714285714285,10.68,0.1,0.0,8,7,1,other_false_positive
474,21.66675,83.36172,332.37,297.74,4.01,n,2024-01-05,728,N,D,67,quarry,8459.492675821833,,,6410_24663,1,1,1,0.14285714285714285,4.01,0.1,0.0,14,13,1,other_false_positive
475,21.66743,83.36577,334.69,299.83,4.01,n,2024-01-05,728,N,D,177,industrial,8243.937444638335,,,6410_24664,1,1,1,0.14285714285714285,4.01,0.1,0.0,14,13,1,other_false_positive
476,21.67026,83.31911,335.06,300.68,7.26,n,2024-01-05,728,N,D,67,quarry,4152.160935938928,,,6411_24651,1,1,1,0.14285714285714285,7.26,0.1,0.0,14,13,1,other_false_positive
477,21.67378,83.27637,335.79,300.16,4.04,n,2024-01-05,728,N,D,67,quarry,1470.0992256970449,,,6412_24638,1,1,1,0.14285714285714285,4.04,0.1,0.0,8,7,1,other_false_positive
478,21.67515,83.28452,346.78,300.4,6.5,n,2024-01-05,728,N,D,67,quarry,1627.3672587401436,,,6413_24640,1,1,1,0.14285714285714285,6.5,0.1,0.0,8,7,1,other_false_positive
479,21.69798,83.50558,329.64,299.72,8.3,n,2024-01-05,728,N,D,180,quarry,4841.545332665618,,,6420_24706,1,1,1,0.14285714285714285,8.3,0.1,0.0,2,1,1,other_false_positive
480,21.69865,83.50959,356.73,305.07,8.3,n,2024-01-05,728,N,D,180,quarry,4488.195350680285,,,6420_24707,1,1,1,0.14285714285714285,8.3,0.1,0.0,2,1,1,other_false_positive
481,21.69968,83.08885,335.64,299.97,3.72,n,2024-01-05,728,N,D,66,quarry,7641.0097453953695,,,6420_24582,1,1,1,0.14285714285714285,3.72,0.1,0.0,6,5,1,other_false_positive
482,21.70404,83.9034,340.1,297.81,3.01,n,2024-01-05,728,N,D,28,power_plant,4311.422736187315,,,6421_24823,1,1,1,0.14285714285714285,3.01,0.1,0.0,4,3,1,other_false_positive
483,21.70743,83.90277,339.67,298.36,3.01,n,2024-01-05,728,N,D,28,power_plant,4394.386572102249,,,6422_24823,1,1,1,0.14285714285714285,3.01,0.1,0.0,4,3,1,other_false_positive
484,21.70812,83.00994,334.3,299.14,3.15,n,2024-01-05,728,N,D,66,quarry,7959.355503584132,,,6423_24559,2,2,2,0.14285714285714285,3.115,0.1,0.349999999999997,4,2,1,other_false_positive
485,21.70837,83.01047,332.1,299.09,3.08,n,2024-01-05,728,N,D,66,quarry,7959.20065499738,,,6423_24559,2,2,2,0.14285714285714285,3.115,0.1,-0.3500000000000014,4,2,1,other_false_positive
486,21.70882,83.01411,329.6,299.75,3.31,l,2024-01-05,728,N,D,66,quarry,7842.648206498528,,,6423_24560,1,1,1,0.14285714285714285,3.31,0.1,0.0,4,2,1,other_false_positive
487,21.70908,83.01463,331.78,299.84,2.77,n,2024-01-05,728,N,D,66,quarry,7847.21324097112,,,6423_24561,1,1,1,0.14285714285714285,2.77,0.1,0.0,4,2,1,other_false_positive
488,21.71714,83.34377,328.88,299.77,1.8,n,2024-01-05,728,N,D,24,power_plant,7545.201848186294,,,6425_24658,1,1,1,0.14285714285714285,1.8,0.1,0.0,2,0,1,other_false_positive
489,21.72067,84.04866,352.45,299.45,4.19,n,2024-01-05,728,N,D,344,power_plant,101.58237771207207,,,6426_24866,1,1,1,0.14285714285714285,4.19,0.1,0.0,11,4,1,other_false_positive
490,21.72405,84.04803,351.41,298.5,4.19,n,2024-01-05,728,N,D,344,power_plant,279.7995306791752,,,6427_24866,1,1,1,0.14285714285714285,4.19,0.1,0.0,11,4,1,other_false_positive
491,21.72561,83.28756,340.52,301.36,7.04,n,2024-01-05,728,N,D,24,power_plant,2152.4688923752246,,,6428_24641,1,1,1,0.14285714285714285,7.04,0.1,0.0,3,-1,1,other_false_positive
492,21.73838,83.19217,329.99,299.05,3.17,n,2024-01-05,728,N,D,61,quarry,6019.239170187534,,,6431_24613,1,1,1,0.14285714285714285,3.17,0.1,0.0,1,-1,1,other_false_positive
493,21.73881,83.8808,342.68,298.57,5.13,n,2024-01-05,728,N,D,351,industrial,2882.355468401319,,,6432_24817,1,1,1,0.14285714285714285,5.13,0.1,0.0,6,4,1,other_false_positive
494,21.75168,83.46639,332.92,298.89,2.9,n,2024-01-05,728,N,D,43,power_plant,1811.1064980412787,,,6435_24694,1,1,1,0.14285714285714285,2.9,0.1,0.0,1,-1,1,other_false_positive
495,21.76131,83.8452,328.22,299.44,1.57,l,2024-01-05,728,N,D,352,industrial,806.837510083361,,,6438_24806,4,4,4,0.5714285714285714,1.85,0.9280355596635292,-0.3017125767266046,6,4,1,other_false_positive
496,21.76145,84.02113,335.55,300.18,5.32,n,2024-01-05,728,N,D,6,industrial,237.34476545786185,,,6438_24858,3,3,3,0.42857142857142855,3.005,1.7148469319446564,1.349974716037637,11,4,1,other_false_positive
497,21.76644,83.20422,328.25,298.54,2.23,n,2024-01-05,728,N,D,24,power_plant,7893.177947982414,,,6440_24617,1,1,1,0.14285714285714285,2.23,0.1,0.0,3,-1,1,other_false_positive
498,21.76821,84.01987,329.31,300.35,5.62,l,2024-01-05,728,N,D,408,power_plant,298.00040606252395,,,6440_24858,3,3,3,0.7142857142857143,2.436666666666667,1.721785894548642,1.8488555071871053,11,4,1,industrial_persistent
499,21.77256,83.32521,343.47,300.13,8.35,n,2024-01-05,728,N,D,24,power_plant,6163.7606932266235,,,6442_24652,1,1,1,0.14285714285714285,8.35,0.1,0.0,2,0,1,other_false_positive
500,21.77751,83.22745,331.04,299.37,2.09,n,2024-01-05,728,N,D,24,power_plant,6385.1436956321795,,,6443_24624,1,1,1,0.14285714285714285,2.09,0.1,0.0,3,-1,1,other_false_positive
501,21.79177,84.16677,327.17,297.91,1.87,n,2024-01-05,728,N,D,97,industrial,5588.998167537719,,,6447_24901,1,1,1,0.14285714285714285,1.87,0.1,0.0,2,1,1,other_false_positive
502,21.7931,84.16727,328.02,297.76,1.8,n,2024-01-05,728,N,D,97,industrial,5496.6225525658,,,6448_24902,1,1,1,0.14285714285714285,1.8,0.1,0.0,2,1,1,other_false_positive
503,21.80005,83.36183,332.29,299.22,2.28,n,2024-01-05,728,N,D,132,industrial,7615.131863210928,,,6450_24663,1,1,1,0.14285714285714285,2.28,0.1,0.0,1,0,1,other_false_positive
504,21.81072,83.23376,333.61,299.3,2.56,n,2024-01-05,728,N,D,24,power_plant,8801.744853268985,,,6453_24625,1,1,1,0.14285714285714285,2.56,0.1,0.0,6,4,1,other_false_positive
505,21.81418,83.23309,334.66,299.38,2.56,n,2024-01-05,728,N,D,24,power_plant,9170.183129590669,,,6454_24625,1,1,1,0.14285714285714285,2.56,0.1,0.0,6,4,1,other_false_positive
506,21.82079,83.03607,342.97,300.09,5.24,n,2024-01-05,728,N,D,65,quarry,6129.782978638812,,,6456_24567,2,2,2,0.14285714285714285,4.735,0.7141778489984129,0.7071067811865475,4,2,1,other_false_positive
507,21.82176,83.03662,332.56,300.19,4.23,n,2024-01-05,728,N,D,65,quarry,6190.02143742068,,,6456_24567,2,2,2,0.14285714285714285,4.735,0.7141778489984129,-0.7071067811865475,4,2,1,other_false_positive
508,21.83196,83.29709,336.06,299.51,3.29,n,2024-01-05,728,N,D,132,industrial,9537.872940944595,,,6459_24644,1,1,1,0.14285714285714285,3.29,0.1,0.0,6,4,1,other_false_positive
509,21.83359,83.22093,331.98,297.48,1.72,n,2024-01-05,728,N,D,25,power_plant,8910.374638050249,,,6460_24622,1,1,1,0.14285714285714285,1.72,0.1,0.0,6,4,1,other_false_positive
510,21.83562,83.23321,331.58,299.35,1.93,n,2024-01-05,728,N,D,25,power_plant,9214.304268213775,,,6460_24625,1,1,1,0.14285714285714285,1.93,0.1,0.0,6,4,1,other_false_positive
511,21.85518,83.00011,367.0,302.86,13.31,h,2024-01-05,728,N,D,65,quarry,11395.651048173968,,,6466_24556,1,1,1,0.14285714285714285,13.31,0.1,0.0,4,2,1,other_false_positive
512,21.85588,83.00428,341.12,299.6,6.96,n,2024-01-05,728,N,D,65,quarry,11196.639877308548,,,6466_24557,1,1,1,0.14285714285714285,6.96,0.1,0.0,4,2,1,other_false_positive
513,21.8692,83.25267,336.35,299.03,5.24,n,2024-01-05,728,N,D,25,power_plant,7695.484344771744,,,6470_24631,1,1,1,0.14285714285714285,5.24,0.1,0.0,6,4,1,other_false_positive
514,21.92142,83.35177,335.77,304.58,5.3,n,2024-01-05,728,N,D,399,power_plant,830.2465102047042,,,6486_24660,7,7,7,0.7142857142857143,3.918,1.424849309771232,0.9699271288006505,6,1,1,other_false_positive
515,21.93388,83.08353,343.61,300.01,5.65,n,2024-01-05,728,N,D,35,power_plant,5605.430656714838,,,6489_24581,1,1,1,0.14285714285714285,5.65,0.1,0.0,2,-1,1,other_false_positive
516,21.93677,84.27895,345.88,299.04,6.91,n,2024-01-05,728,N,D,373,power_plant,10993.227492295604,,,6490_24935,1,1,1,0.14285714285714285,6.91,0.1,0.0,1,0,1,other_false_positive
517,21.97075,83.02129,335.49,298.59,3.1,n,2024-01-05,728,N,D,60,industrial,12602.754871949688,,,6500_24563,1,1,1,0.14285714285714285,3.1,0.1,0.0,2,-1,1,other_false_positive
518,21.97637,83.18192,333.32,298.84,3.37,n,2024-01-05,728,N,D,60,industrial,4004.1076505496203,,,6502_24610,1,1,1,0.14285714285714285,3.37,0.1,0.0,1,0,1,other_false_positive
519,22.01925,83.7528,334.97,303.78,3.09,n,2024-01-05,728,N,D,59,quarry,1090.2114195266113,,,6515_24779,2,2,2,0.14285714285714285,2.6399999999999997,0.6363961030678925,0.7071067811865481,13,-1,1,other_false_positive
520,22.04111,83.7365,340.65,304.4,3.39,n,2024-01-05,728,N,D,59,quarry,2203.3906828875615,,,6521_24774,5,5,5,0.7142857142857143,4.3,1.8616428996223429,-0.48881555113744124,13,-1,1,other_false_positive
521,22.04174,83.74043,330.86,305.69,3.39,n,2024-01-05,728,N,D,59,quarry,1946.0288192052576,,,6521_24775,8,8,8,0.7142857142857143,4.322222222222222,2.7628417335136017,-0.33741426840135447,13,-1,1,other_false_positive
522,22.0445,83.73586,328.12,302.86,2.46,l,2024-01-05,728,N,D,350,quarry,2173.2993289373744,,,6522_24774,7,7,7,0.8571428571428571,2.0955555555555554,0.8400611750210683,0.4338308390877659,13,-1,1,other_false_positive
523,22.04713,83.04145,330.28,298.45,2.65,n,2024-01-05,728,N,D,108,quarry,9162.618669195303,,,6523_24568,1,1,1,0.14285714285714285,2.65,0.1,0.0,1,-4,1,other_false_positive
524,22.13501,83.43649,343.24,298.51,6.39,n,2024-01-05,728,N,D,39,power_plant,3737.221400587011,,,6549_24685,1,1,1,0.14285714285714285,6.39,0.1,0.0,1,0,1,other_false_positive
525,22.18368,83.14383,331.37,296.29,3.45,n,2024-01-05,728,N,D,108,quarry,10022.183745663051,,,6563_24599,1,1,1,0.14285714285714285,3.45,0.1,0.0,4,1,1,other_false_positive
526,21.67802,84.03864,320.94,291.91,2.29,n,2024-01-05,1957,N,N,304,industrial,438.5105609668656,,,6414_24864,5,5,5,0.8571428571428571,2.6955555555555555,1.2316057720625453,-0.32929007378422703,3,-2,1,industrial_persistent
527,21.68081,84.04305,305.47,289.74,0.77,n,2024-01-05,1957,N,N,304,industrial,535.1450951469184,,,6414_24865,1,1,1,0.14285714285714285,0.77,0.1,0.0,3,-2,1,other_false_positive
528,21.68139,84.03921,302.86,290.83,1.36,n,2024-01-05,1957,N,N,304,industrial,674.5505746413282,,,6415_24864,2,2,2,0.42857142857142855,1.3066666666666666,0.19553345834749947,0.27275809359721015,3,-2,1,other_false_positive
529,21.73488,83.98129,304.06,289.9,1.62,n,2024-01-05,1957,N,N,57,quarry,563.9013960662589,,,6430_24847,1,1,1,0.14285714285714285,1.62,0.1,0.0,4,3,1,other_false_positive
530,21.75368,84.02294,306.94,290.34,1.41,n,2024-01-05,1957,N,N,6,industrial,654.1931375652999,,,6436_24859,3,3,3,0.42857142857142855,1.616666666666667,0.43821608064211126,-0.4716090435655431,11,4,1,other_false_positive
531,21.75551,83.84212,312.2,290.35,1.16,n,2024-01-05,1957,N,N,354,industrial,647.0604899938786,,,6437_24805,2,2,2,0.42857142857142855,2.5300000000000002,1.5356757470247424,-0.8921154108569296,6,4,1,other_false_positive
532,21.75556,83.81829,298.63,288.56,1.58,n,2024-01-05,1957,N,N,49,quarry,972.3075228308948,,,6437_24798,2,2,2,0.42857142857142855,1.2666666666666666,0.29670411748631553,1.0560464613295597,6,4,1,other_false_positive
533,21.75705,84.02353,324.69,292.19,2.59,n,2024-01-05,1957,N,N,6,industrial,359.47546433875567,,,6437_24859,6,6,6,0.8571428571428571,2.7885714285714287,1.0967137057504808,-0.18106040576519147,11,4,1,industrial_persistent
534,21.7589,83.84269,327.15,291.26,3.48,n,2024-01-05,1957,N,N,354,industrial,934.2994836070759,,,6438_24806,4,4,4,0.5714285714285714,1.85,0.9280355596635292,1.756398214515591,6,4,1,other_false_positive
535,21.75895,83.81886,329.66,290.02,1.58,n,2024-01-05,1957,N,N,49,quarry,775.4698400078233,,,6438_24798,1,1,1,0.14285714285714285,1.58,0.1,0.0,6,4,1,other_false_positive
536,21.76099,84.02024,319.19,293.59,3.13,n,2024-01-05,1957,N,N,6,industrial,203.7198576939368,,,6438_24858,3,3,3,0.42857142857142855,3.005,1.7148469319446564,0.07289280324177304,11,4,1,other_false_positive
537,21.76436,84.02082,308.11,290.46,1.52,n,2024-01-05,1957,N,N,6,industrial,560.0909835388347,,,6439_24858,4,4,4,0.8571428571428571,2.231666666666667,0.6705047849692548,-1.061389392917307,11,4,1,other_false_positive
538,21.76492,84.01696,306.81,291.29,1.52,n,2024-01-05,1957,N,N,408,power_plant,623.3249575955546,,,6439_24857,3,3,3,0.42857142857142855,1.7866666666666664,0.28676354952004146,-0.9299182797569238,11,4,1,other_false_positive
539,21.7683,84.01753,318.5,293.0,1.52,n,2024-01-05,1957,N,N,408,power_plant,245.65476951387316,,,6440_24857,3,3,3,0.5714285714285714,2.0975,1.162938089495739,-0.49658705413149684,11,4,1,other_false_positive
540,21.7711,84.02197,305.32,288.96,1.14,n,2024-01-05,1957,N,N,408,power_plant,394.63848957964433,,,6441_24859,1,1,1,0.2857142857142857,1.15,0.1,-0.10000000000000009,11,4,1,other_false_positive
541,21.79306,83.99015,300.65,288.5,0.55,n,2024-01-05,1957,N,N,112,industrial,336.0384524595323,,,6448_24849,2,2,2,0.2857142857142857,0.685,0.1909188309203678,-0.7071067811865477,4,3,1,other_false_positive
542,21.81668,83.99416,298.46,287.28,1.06,n,2024-01-05,1957,N,N,349,industrial,584.0933564506794,,,6455_24850,1,1,1,0.14285714285714285,1.06,0.1,0.0,2,1,1,other_false_positive
543,21.85896,83.96571,307.04,290.35,1.14,n,2024-01-05,1957,N,N,54,industrial,233.24375530504133,,,6467_24842,3,3,3,0.42857142857142855,0.9933333333333332,0.28041635710730806,0.523031780954708,2,1,1,other_false_positive
544,21.87573,83.49477,299.74,288.34,0.82,n,2024-01-05,1957,N,N,70,industrial,222.69490435234547,,,6472_24703,2,2,2,0.2857142857142857,0.675,0.2050609665440987,0.7071067811865474,1,0,1,other_false_positive
545,21.87737,83.55607,313.6,289.06,1.12,n,2024-01-05,1957,N,N,62,industrial,142.10918733303615,,,6473_24721,1,1,1,0.42857142857142855,1.26,0.3235737937472686,-0.432667919050789,2,1,1,other_false_positive
546,21.87852,83.54814,298.63,288.58,0.91,n,2024-01-05,1957,N,N,63,industrial,134.50106252297545,,,6473_24718,1,1,1,0.14285714285714285,0.91,0.1,0.0,2,1,1,other_false_positive
547,21.9171,83.35413,299.81,289.48,2.05,n,2024-01-05,1957,N,N,399,power_plant,1322.1142056054166,,,6484_24661,1,1,1,0.14285714285714285,2.05,0.1,0.0,6,1,1,other_false_positive
548,21.91768,83.3501,300.73,288.73,2.05,n,2024-01-05,1957,N,N,399,power_plant,1010.6211081201394,,,6485_24660,5,5,5,0.7142857142857143,2.841666666666667,1.3575480347548172,-0.5831592300228607,6,1,1,other_false_positive
549,21.92112,83.35067,342.94,297.33,2.05,n,2024-01-05,1957,N,N,399,power_plant,757.8450853936506,,,6486_24660,7,7,7,0.7142857142857143,3.918,1.424849309771232,-1.311015829666871,6,1,1,other_false_positive
550,21.92456,83.35124,310.62,290.43,1.27,n,2024-01-05,1957,N,N,10,industrial,543.1455050260217,,,6487_24660,2,2,2,0.42857142857142855,1.2833333333333334,0.31021497922139957,-0.04298094620317305,6,1,1,other_false_positive
551,21.92631,83.33916,328.47,294.06,3.53,n,2024-01-05,1957,N,N,399,power_plant,611.8002001001895,,,6487_24657,1,1,1,0.14285714285714285,3.53,0.1,0.0,6,1,1,other_false_positive
552,21.9862,83.23172,311.46,291.83,1.43,n,2024-01-05,1957,N,N,403,power_plant,165.05010814198255,,,6505_24625,3,3,3,0.42857142857142855,1.45,0.28053520278211075,-0.07129230057995196,1,-1,1,other_false_positive
553,22.01919,83.75539,303.17,288.44,0.74,n,2024-01-05,1957,N,N,59,quarry,1112.3227308320784,,,6515_24780,1,1,1,0.14285714285714285,0.74,0.1,0.0,13,-1,1,other_false_positive
554,22.01975,83.7515,319.01,289.88,2.19,n,2024-01-05,1957,N,N,59,quarry,1052.5654804892906,,,6515_24779,2,2,2,0.14285714285714285,2.6399999999999997,0.6363961030678925,-0.7071067811865474,13,-1,1,other_false_positive
555,22.02177,83.37856,307.68,288.67,1.14,n,2024-01-05,1957,N,N,125,industrial,159.62345879925772,,,6515_24668,3,3,3,0.42857142857142855,1.0766666666666664,0.47815618090048084,0.13245323570650464,4,0,1,other_false_positive
556,22.02244,83.30021,297.65,287.38,0.63,n,2024-01-05,1957,N,N,45,industrial,339.86300901716015,,,6516_24645,1,1,1,0.14285714285714285,0.63,0.1,0.0,4,0,1,other_false_positive
557,22.03677,83.73019,298.55,287.5,0.59,n,2024-01-05,1957,N,N,59,quarry,2552.306669930395,,,6520_24772,1,1,1,0.14285714285714285,0.59,0.1,0.0,13,-1,1,other_false_positive
558,22.03903,83.73862,314.56,290.05,1.62,n,2024-01-05,1957,N,N,59,quarry,1890.2632028233936,,,6520_24775,2,2,2,0.2857142857142857,1.9200000000000002,0.42426406871192857,-0.7071067811865476,13,-1,1,other_false_positive
559,22.0396,83.3527,303.13,288.93,0.81,n,2024-01-05,1957,N,N,46,industrial,2563.4100552504365,,,6521_24661,1,1,1,0.14285714285714285,0.81,0.1,0.0,4,0,1,other_false_positive
560,22.0396,83.73468,308.12,288.63,1.62,n,2024-01-05,1957,N,N,59,quarry,2265.236724393089,,,6521_24774,5,5,5,0.7142857142857143,4.3,1.8616428996223429,-1.4395886560970799,13,-1,1,other_false_positive
561,22.04244,83.73918,307.06,291.2,2.04,n,2024-01-05,1957,N,N,59,quarry,2091.767196955423,,,6521_24775,8,8,8,0.7142857142857143,4.322222222222222,2.7628417335136017,-0.8260416058359741,13,-1,1,other_false_positive
562,22.04301,83.73525,329.26,291.92,2.04,n,2024-01-05,1957,N,N,350,quarry,2272.3233398155944,,,6522_24774,7,7,7,0.8571428571428571,2.0955555555555554,0.8400611750210683,-0.06613274986093966,13,-1,1,other_false_positive
563,22.04358,83.73131,302.17,289.3,1.25,n,2024-01-05,1957,N,N,350,quarry,2020.178540869963,,,6522_24773,4,4,4,0.42857142857142855,4.35,3.420341113592814,-0.9063423492119709,13,-1,1,other_false_positive
564,22.05834,83.72574,309.35,290.08,1.66,n,2024-01-05,1957,N,N,350,quarry,330.887964250294,,,6526_24771,2,2,2,0.2857142857142857,1.395,0.37476659402887014,0.7071067811865474,13,-1,1,mining
565,22.07042,83.34815,299.13,287.35,0.62,n,2024-01-05,1957,N,N,46,industrial,1523.5388934141772,,,6530_24659,1,1,1,0.14285714285714285,0.62,0.1,0.0,4,0,1,other_false_positive
566,22.10256,83.11946,312.31,289.55,1.01,n,2024-01-05,1957,N,N,108,quarry,979.6920118372047,,,6539_24592,4,4,4,0.5714285714285714,1.416,0.41608893280163073,-0.9757529412433551,4,1,1,other_false_positive
567,22.10471,83.5265,299.28,288.21,0.77,n,2024-01-05,1957,N,N,117,industrial,598.5508865136756,,,6540_24712,2,2,2,0.42857142857142855,1.1233333333333333,0.32192131543800157,-1.0975766946422698,2,0,1,other_false_positive
568,22.10529,83.5225,318.06,291.54,2.0,n,2024-01-05,1957,N,N,117,industrial,285.836180551835,,,6540_24711,2,2,2,0.5714285714285714,1.5274999999999999,0.43980109140382995,1.0743493120760488,2,0,1,other_false_positive
569,22.10546,83.12416,305.54,288.95,1.01,n,2024-01-05,1957,N,N,108,quarry,1559.2918946429597,,,6540_24593,3,3,3,0.42857142857142855,0.79,0.22000000000000008,0.9999999999999994,4,1,1,other_false_positive
570,22.10604,83.12002,302.89,289.31,1.01,n,2024-01-05,1957,N,N,108,quarry,1248.3291022085186,,,6540_24592,4,4,4,0.42857142857142855,1.2125,0.24308777564218784,-0.8330324281631876,4,1,1,other_false_positive
571,22.20323,84.57815,303.12,289.24,0.67,n,2024-01-05,1957,N,N,9,industrial,1148.9132606266817,,,6569_25023,2,2,2,0.42857142857142855,0.6900000000000001,0.19078784028338916,-0.1048284836721919,1,0,1,other_false_positive
572,22.20619,84.8676,299.9,288.76,1.06,n,2024-01-05,1957,N,N,232,power_plant,2073.632997666526,,,6570_25109,2,2,2,0.2857142857142857,1.12,0.1,-0.6000000000000005,10,4,1,other_false_positive
573,22.20734,84.86011,301.42,289.35,0.69,n,2024-01-05,1957,N,N,179,power_plant,1628.9279303291084,,,6570_25107,1,1,1,0.14285714285714285,0.69,0.1,0.0,10,4,1,other_false_positive
574,22.20781,84.87943,303.31,287.98,0.86,n,2024-01-05,1957,N,N,232,power_plant,1560.26699085153,,,6570_25112,1,1,1,0.14285714285714285,0.86,0.1,0.0,10,4,1,other_false_positive
575,22.21009,84.86443,302.77,290.4,0.69,n,2024-01-05,1957,N,N,179,power_plant,1820.0139380719363,,,6571_25108,2,2,2,0.42857142857142855,1.2433333333333332,0.729474696842415,-0.758536705561519,10,4,1,other_false_positive
576,22.21066,84.86068,300.22,289.38,0.69,n,2024-01-05,1957,N,N,179,power_plant,1450.4833897403312,,,6571_25107,2,2,2,0.5714285714285714,1.13,0.372111094522411,-1.182442572868518,10,4,1,other_false_positive
577,22.21123,84.85694,313.76,288.96,0.86,n,2024-01-05,1957,N,N,179,power_plant,1097.745404633977,,,6571_25106,2,2,2,0.2857142857142857,1.2,0.4808326112068523,-0.7071067811865475,10,4,1,other_false_positive
578,22.2117,84.87625,311.94,291.57,1.84,n,2024-01-05,1957,N,N,232,power_plant,1151.2934375361633,,,6572_25111,1,1,1,0.14285714285714285,1.84,0.1,0.0,10,4,1,other_false_positive
579,22.21284,84.86876,322.26,289.04,2.53,n,2024-01-05,1957,N,N,232,power_plant,1422.772746999195,,,6572_25109,4,4,4,0.7142857142857143,3.0933333333333333,0.9534498763263155,-0.5908368623465364,10,4,1,other_false_positive
580,22.21341,84.86501,304.04,290.21,1.39,n,2024-01-05,1957,N,N,232,power_plant,1683.9803996863334,,,6572_25108,2,2,2,0.5714285714285714,2.36,1.6320334963882739,-0.594350546203023,10,4,1,other_false_positive
581,22.21835,84.87742,302.12,287.96,0.61,n,2024-01-05,1957,N,N,232,power_plant,406.22630716863375,,,6573_25112,1,1,1,0.14285714285714285,0.61,0.1,0.0,10,4,1,other_false_positive
582,22.21996,84.75445,300.68,288.89,0.84,n,2024-01-05,1957,N,N,95,industrial,160.62138189751184,,,6574_25075,3,3,3,0.42857142857142855,1.3525,0.5487789476039813,-0.9338915099378751,3,1,1,other_false_positive
583,22.22272,84.75879,305.07,288.82,1.13,n,2024-01-05,1957,N,N,68,industrial,192.91409195404503,,,6575_25077,1,1,1,0.14285714285714285,1.13,0.1,0.0,3,1,1,other_false_positive
584,22.22387,84.75127,302.36,289.46,0.91,n,2024-01-05,1957,N,N,95,industrial,511.7683854147278,,,6575_25074,3,3,3,0.7142857142857143,1.3439999999999999,0.3884971042363121,-1.117125443838597,3,1,1,other_false_positive
585,22.23207,84.62897,302.53,287.62,0.44,n,2024-01-05,1957,N,N,73,industrial,123.61668191920066,,,6578_25038,1,1,1,0.14285714285714285,0.44,0.1,0.0,1,0,1,other_false_positive
586,21.0315,83.46332,327.03,295.51,1.42,n,2024-01-06,709,N,D,364,industrial,2427.826569219348,,,6222_24693,1,1,1,0.14285714285714285,1.42,0.1,0.0,1,0,1,other_false_positive
587,21.1368,83.72734,328.79,296.01,2.19,n,2024-01-06,709,N,D,284,industrial,11793.64381546474,,,6253_24771,1,1,1,0.14285714285714285,2.19,0.1,0.0,2,-3,1,other_false_positive
588,21.1412,83.72636,340.52,295.27,4.1,n,2024-01-06,709,N,D,284,industrial,11557.694578588074,,,6255_24771,1,1,1,0.14285714285714285,4.1,0.1,0.0,2,-3,1,other_false_positive
589,21.17656,83.52902,339.3,295.83,6.15,n,2024-01-06,709,N,D,412,power_plant,2481.381864515573,,,6265_24713,1,1,1,0.14285714285714285,6.15,0.1,0.0,3,2,1,other_false_positive
590,21.17748,83.53379,331.68,295.36,6.15,n,2024-01-06,709,N,D,412,power_plant,2986.9444430036883,,,6266_24714,1,1,1,0.14285714285714285,6.15,0.1,0.0,3,2,1,other_false_positive
591,21.17857,83.53017,344.91,296.88,11.93,n,2024-01-06,709,N,D,412,power_plant,2657.977510878985,,,6266_24713,1,1,1,0.14285714285714285,11.93,0.1,0.0,3,2,1,other_false_positive
592,21.20892,83.86343,332.45,297.04,3.49,n,2024-01-06,709,N,D,283,industrial,4896.195099954928,,,6275_24812,1,1,1,0.14285714285714285,3.49,0.1,0.0,2,-4,1,other_false_positive
593,21.20979,83.86794,332.56,297.09,4.46,n,2024-01-06,709,N,D,283,industrial,5178.00370269507,,,6275_24813,1,1,1,0.14285714285714285,4.46,0.1,0.0,2,-4,1,other_false_positive
594,21.37811,83.82413,332.15,291.59,3.02,n,2024-01-06,709,N,D,230,industrial,2109.5504738384734,,,6325_24800,1,1,1,0.14285714285714285,3.02,0.1,0.0,1,-2,1,other_false_positive
595,21.4219,83.06714,341.55,296.14,5.0,n,2024-01-06,709,N,D,33,power_plant,11635.208268952098,,,6338_24576,1,1,1,0.14285714285714285,5.0,0.1,0.0,1,0,1,other_false_positive
596,21.42313,83.98576,334.2,295.4,2.2,n,2024-01-06,709,N,D,105,industrial_works,5292.788844223424,,,6338_24848,1,1,1,0.14285714285714285,2.2,0.1,0.0,3,2,1,other_false_positive
597,21.42636,83.74876,339.79,296.63,6.21,n,2024-01-06,709,N,D,198,industrial,1397.0220764608225,,,6339_24778,1,1,1,0.14285714285714285,6.21,0.1,0.0,2,-4,1,other_false_positive
598,21.42685,83.74752,348.9,296.26,7.32,n,2024-01-06,709,N,D,198,industrial,1298.8665673681755,,,6339_24777,1,1,1,0.14285714285714285,7.32,0.1,0.0,2,-4,1,other_false_positive
599,21.438,83.8998,327.89,296.9,2.1,n,2024-01-06,709,N,D,3,industrial_works,1047.7824491988501,,,6343_24822,1,1,1,0.14285714285714285,2.1,0.1,0.0,1,0,1,other_false_positive
600,21.45613,83.90043,337.22,292.34,5.0,n,2024-01-06,709,N,D,3,industrial_works,1166.711489575488,,,6348_24823,2,2,2,0.14285714285714285,4.025,1.378858223313768,0.707106781186547,3,2,1,other_false_positive
601,21.45671,83.90127,328.19,292.01,3.05,n,2024-01-06,709,N,D,3,industrial_works,1199.0183529276399,,,6348_24823,2,2,2,0.14285714285714285,4.025,1.378858223313768,-0.7071067811865477,3,2,1,other_false_positive
602,21.63306,83.03382,337.05,295.8,3.21,n,2024-01-06,709,N,D,66,quarry,1690.153471478343,,,6400_24566,1,1,1,0.14285714285714285,3.21,0.1,0.0,1,-5,1,other_false_positive
603,21.69884,83.10179,329.52,294.66,3.72,n,2024-01-06,709,N,D,66,quarry,8437.959572114398,,,6420_24586,1,1,1,0.14285714285714285,3.72,0.1,0.0,1,0,1,other_false_positive
604,21.73223,84.20867,332.63,299.5,10.01,n,2024-01-06,709,N,D,388,quarry,13316.460327363027,,,6430_24914,1,1,1,0.14285714285714285,10.01,0.1,0.0,6,0,1,other_false_positive
605,21.73303,84.21292,338.5,300.09,8.56,n,2024-01-06,709,N,D,388,quarry,13553.380500473626,,,6430_24915,1,1,1,0.14285714285714285,8.56,0.1,0.0,6,0,1,other_false_positive
606,21.7353,84.20856,356.1,303.74,22.71,n,2024-01-06,709,N,D,97,industrial,13197.115983952155,,,6431_24914,2,2,2,0.14285714285714285,16.36,8.980256121069154,0.7071067811865477,6,0,1,other_false_positive
607,21.73613,84.21279,341.02,302.66,13.54,n,2024-01-06,709,N,D,97,industrial,13374.110066499908,,,6431_24915,2,2,2,0.14285714285714285,11.05,3.5213917703090063,0.7071067811865471,6,0,1,other_false_positive
608,21.73645,84.20775,367.0,302.01,10.01,h,2024-01-06,709,N,D,97,industrial,13044.554961851765,,,6431_24914,2,2,2,0.14285714285714285,16.36,8.980256121069154,-0.7071067811865475,6,0,1,other_false_positive
609,21.73725,84.212,344.2,301.72,8.56,n,2024-01-06,709,N,D,97,industrial,13225.60592265117,,,6431_24915,2,2,2,0.14285714285714285,11.05,3.5213917703090063,-0.7071067811865477,6,0,1,other_false_positive
610,21.73881,83.18492,350.09,294.97,9.77,n,2024-01-06,709,N,D,61,quarry,6232.9027584996165,,,6432_24611,1,1,1,0.14285714285714285,9.77,0.1,0.0,1,0,1,other_false_positive
611,21.75402,84.16922,330.63,296.26,1.93,n,2024-01-06,709,N,D,97,industrial,9447.913953105073,,,6436_24902,1,1,1,0.14285714285714285,1.93,0.1,0.0,1,-1,1,other_false_positive
612,21.75745,83.06473,343.03,293.6,5.82,n,2024-01-06,709,N,D,65,quarry,1901.8187402786682,,,6437_24575,1,1,1,0.14285714285714285,5.82,0.1,0.0,1,-3,1,other_false_positive
613,21.75768,83.84317,327.46,295.44,3.11,n,2024-01-06,709,N,D,354,industrial,875.184484425027,,,6437_24806,2,2,2,0.2857142857142857,3.21,0.14142135623730964,-0.7071067811865475,7,1,1,other_false_positive
614,21.75776,83.82018,328.42,296.27,4.01,n,2024-01-06,709,N,D,49,quarry,683.9318047606135,,,6437_24799,1,1,1,0.2857142857142857,2.445,2.2132442251138937,0.7071067811865475,7,1,1,other_false_positive
615,21.76348,83.91993,331.03,295.52,5.22,n,2024-01-06,709,N,D,355,industrial,3646.999954778003,,,6439_24828,1,1,1,0.14285714285714285,5.22,0.1,0.0,3,-1,1,other_false_positive
616,21.83186,83.13027,339.81,293.73,4.71,n,2024-01-06,709,N,D,34,power_plant,6169.15603817104,,,6459_24595,1,1,1,0.14285714285714285,4.71,0.1,0.0,1,-3,1,other_false_positive
617,21.86909,83.24831,328.51,293.6,3.76,n,2024-01-06,709,N,D,25,power_plant,7339.635951364609,,,6470_24630,1,1,1,0.14285714285714285,3.76,0.1,0.0,1,-5,1,other_false_positive
618,21.93404,84.95482,340.03,296.94,4.17,n,2024-01-06,709,N,D,94,industrial,9969.517730196854,,,6489_25135,1,1,1,0.14285714285714285,4.17,0.1,0.0,1,0,1,other_false_positive
619,21.67632,84.03872,304.14,287.91,2.19,n,2024-01-06,1938,N,N,304,industrial,372.24060004807995,,,6413_24864,2,2,2,0.2857142857142857,1.795,0.5586143571373726,0.7071067811865475,3,0,1,other_false_positive
620,21.68058,84.0393,323.36,292.81,2.19,n,2024-01-06,1938,N,N,304,industrial,592.1159814052497,,,6414_24864,6,6,6,0.8571428571428571,2.6955555555555555,1.2316057720625453,-0.41048488649814613,3,0,1,other_false_positive
621,21.69867,84.03318,298.38,287.99,0.7,n,2024-01-06,1938,N,N,339,industrial,172.2920214520516,,,6420_24862,1,1,1,0.14285714285714285,0.7,0.1,0.0,3,0,1,other_false_positive
622,21.71522,84.03979,298.57,287.49,0.7,n,2024-01-06,1938,N,N,340,industrial,268.2469952128676,,,6425_24864,1,1,1,0.14285714285714285,0.7,0.1,0.0,8,-3,1,other_false_positive
623,21.73353,83.97909,304.17,288.87,1.54,n,2024-01-06,1938,N,N,57,quarry,821.9753390758424,,,6430_24846,2,2,2,0.2857142857142857,1.375,0.23334523779156074,0.7071067811865475,3,-1,1,other_false_positive
624,21.75384,83.84055,308.98,288.48,2.24,n,2024-01-06,1938,N,N,354,industrial,421.12152370545016,,,6436_24805,1,1,1,0.14285714285714285,2.24,0.1,0.0,7,1,1,other_false_positive
625,21.75419,84.02577,302.13,289.0,1.05,n,2024-01-06,1938,N,N,6,industrial,749.5258715533622,,,6436_24860,1,1,1,0.14285714285714285,1.05,0.1,0.0,8,-3,1,other_false_positive
626,21.7547,84.02145,304.12,290.01,1.8,n,2024-01-06,1938,N,N,6,industrial,512.6234763721545,,,6436_24858,3,3,3,0.42857142857142855,2.06,0.485386443980464,-0.5356556682297139,8,-3,1,other_false_positive
627,21.75635,83.81869,310.72,288.53,1.23,n,2024-01-06,1938,N,N,49,quarry,891.9144249899397,,,6437_24798,3,3,3,0.42857142857142855,1.2666666666666666,0.29670411748631553,-0.1235799050492036,7,1,1,other_false_positive
628,21.75817,83.84112,321.97,290.26,2.24,n,2024-01-06,1938,N,N,354,industrial,769.080694929031,,,6437_24805,3,3,3,0.42857142857142855,2.5300000000000002,1.5356757470247424,-0.1888419482835836,7,1,1,other_false_positive
629,21.75897,84.02206,308.8,291.51,2.32,n,2024-01-06,1938,N,N,6,industrial,112.22092267253637,,,6438_24859,1,1,1,0.14285714285714285,2.32,0.1,0.0,8,-3,1,other_false_positive
630,21.76068,83.81926,301.42,288.17,1.23,n,2024-01-06,1938,N,N,49,quarry,721.6761836868304,,,6438_24799,2,2,2,0.2857142857142857,1.03,0.282842712474619,0.7071067811865474,7,1,1,other_false_positive
631,21.7625,83.84169,309.52,288.11,1.71,n,2024-01-06,1938,N,N,352,industrial,687.5557435733709,,,6439_24805,1,1,1,0.14285714285714285,1.71,0.1,0.0,7,1,1,other_false_positive
632,21.76375,84.01837,315.02,291.7,2.32,n,2024-01-06,1938,N,N,6,industrial,564.2896396016655,,,6439_24858,5,5,5,0.8571428571428571,2.231666666666667,0.6705047849692548,0.13174154057287354,8,-3,1,other_false_positive
633,21.76803,84.01897,316.03,291.33,1.54,n,2024-01-06,1938,N,N,408,power_plant,275.63536109756615,,,6440_24858,4,4,4,0.7142857142857143,2.436666666666667,1.721785894548642,-0.5207771009773104,8,-3,1,industrial_persistent
634,21.7723,84.01955,304.67,290.07,1.54,n,2024-01-06,1938,N,N,408,power_plant,249.37794930911835,,,6442_24858,1,1,1,0.2857142857142857,1.21,0.3080584360149873,1.0712253307159727,8,-3,1,other_false_positive
635,21.78036,84.02496,297.91,287.4,0.55,n,2024-01-06,1938,N,N,408,power_plant,1303.5361900089476,,,6444_24859,1,1,1,0.14285714285714285,0.55,0.1,0.0,8,-3,1,other_false_positive
636,21.79352,83.9875,298.13,287.84,0.84,n,2024-01-06,1938,N,N,112,industrial,491.79763128519284,,,6448_24848,1,1,1,0.14285714285714285,0.84,0.1,0.0,3,-1,1,other_false_positive
637,21.81872,83.99535,300.75,288.57,0.93,n,2024-01-06,1938,N,N,349,industrial,327.8373889496991,,,6455_24851,1,1,1,0.14285714285714285,0.93,0.1,0.0,1,-1,1,other_false_positive
638,21.87992,83.55418,306.5,288.63,1.57,n,2024-01-06,1938,N,N,62,industrial,203.95161868449853,,,6473_24720,3,3,3,0.5714285714285714,1.415,0.3431714828867146,0.45166923165106804,2,0,1,other_false_positive
639,21.8802,83.55673,300.35,288.25,1.03,n,2024-01-06,1938,N,N,62,industrial,266.94133059109436,,,6473_24721,2,2,2,0.42857142857142855,1.26,0.3235737937472686,-0.7108115812977253,2,0,1,other_false_positive
640,21.92064,83.35086,328.26,294.28,4.32,n,2024-01-06,1938,N,N,399,power_plant,807.3162674838013,,,6485_24660,6,6,6,0.7142857142857143,2.841666666666667,1.3575480347548172,1.0889731305900574,5,-1,1,other_false_positive
641,21.92117,83.34612,301.22,290.16,2.66,n,2024-01-06,1938,N,N,399,power_plant,489.99551303250104,,,6486_24659,2,2,2,0.42857142857142855,3.1,1.2781236246936367,-0.3442546491584231,5,-1,1,other_false_positive
642,21.92512,83.35148,304.43,290.06,0.98,n,2024-01-06,1938,N,N,10,industrial,525.39089128792,,,6487_24660,3,3,3,0.42857142857142855,1.2833333333333334,0.31021497922139957,-0.977816526122181,5,-1,1,other_false_positive
643,21.92672,83.33719,321.7,292.35,2.95,n,2024-01-06,1938,N,N,399,power_plant,820.0508677213147,,,6487_24656,1,1,1,0.14285714285714285,2.95,0.1,0.0,5,-1,1,other_false_positive
644,21.97906,83.23708,308.86,288.51,1.0,n,2024-01-06,1938,N,N,23,industrial,650.6615576675897,,,6503_24626,1,1,1,0.14285714285714285,1.0,0.1,0.0,2,1,1,other_false_positive
645,21.98413,83.23283,307.78,290.19,1.73,n,2024-01-06,1938,N,N,23,industrial,282.5218137473481,,,6504_24625,3,3,3,0.2857142857142857,1.4033333333333333,0.2830783166074953,1.1539798264365448,2,1,1,other_false_positive
646,21.98721,83.36481,299.52,288.18,0.78,n,2024-01-06,1938,N,N,129,industrial,1641.0971532165927,,,6505_24664,2,2,2,0.2857142857142857,0.585,0.27577164466275356,0.7071067811865477,5,-1,1,other_false_positive
647,22.01706,83.75514,301.05,287.86,0.7,n,2024-01-06,1938,N,N,59,quarry,1341.6657560542933,,,6514_24780,3,3,3,0.42857142857142855,1.0933333333333335,0.613297100379036,-0.6413422354194105,5,-8,1,other_false_positive
648,22.01757,83.75072,302.5,287.36,1.03,n,2024-01-06,1938,N,N,59,quarry,1305.5425989183461,,,6514_24778,3,3,3,0.42857142857142855,1.6933333333333334,0.6412747721011122,-1.0343979869345976,5,-8,1,other_false_positive
649,22.02186,83.30202,298.94,287.95,0.55,n,2024-01-06,1938,N,N,45,industrial,143.370303775069,,,6515_24646,1,1,1,0.14285714285714285,0.55,0.1,0.0,1,-3,1,other_false_positive
650,22.04099,83.7401,308.34,290.6,1.65,n,2024-01-06,1938,N,N,59,quarry,1911.458212463965,,,6521_24775,9,9,9,0.7142857142857143,4.322222222222222,2.7628417335136017,-0.9672006144281976,5,-8,1,other_false_positive
651,22.04152,83.73562,323.8,290.7,4.11,n,2024-01-06,1938,N,N,59,quarry,2303.316174311454,,,6521_24774,6,6,6,0.7142857142857143,4.3,1.8616428996223429,-0.10206038979792706,5,-8,1,other_false_positive
652,22.05623,83.72385,305.04,288.76,1.41,n,2024-01-06,1938,N,N,350,quarry,442.3867184657617,,,6526_24770,3,3,3,0.42857142857142855,1.2066666666666668,0.17785762095938798,1.1432365520044951,5,-8,1,mining
653,22.09789,84.3762,296.69,286.01,0.42,n,2024-01-06,1938,N,N,78,industrial,148.97204978997777,,,6538_24963,1,1,1,0.14285714285714285,0.42,0.1,0.0,1,0,1,other_false_positive
654,22.1032,83.12117,306.22,289.15,1.26,n,2024-01-06,1938,N,N,108,quarry,1169.17554139263,,,6539_24592,5,5,5,0.5714285714285714,1.416,0.41608893280163073,-0.3749198493447373,2,-2,1,other_false_positive
655,22.10572,83.52323,312.35,290.22,1.73,n,2024-01-06,1938,N,N,117,industrial,275.1351387093747,,,6540_24711,3,3,3,0.5714285714285714,1.5274999999999999,0.43980109140382995,0.4604354194611639,3,1,1,other_false_positive
656,22.10652,83.52596,300.61,288.31,1.2,n,2024-01-06,1938,N,N,117,industrial,459.1399568612611,,,6540_24712,3,3,3,0.42857142857142855,1.1233333333333333,0.32192131543800157,0.23815343374313405,3,1,1,other_false_positive
657,22.10708,83.52124,301.06,289.32,1.51,n,2024-01-06,1938,N,N,117,industrial,90.50716704379536,,,6541_24710,1,1,1,0.14285714285714285,1.51,0.1,0.0,3,1,1,other_false_positive
658,22.10776,83.12174,298.94,288.63,1.26,n,2024-01-06,1938,N,N,108,quarry,1507.8626299775704,,,6541_24592,2,2,2,0.2857142857142857,1.35,0.1272792206135786,-0.7071067811865479,2,-2,1,other_false_positive
659,22.20267,84.57889,299.82,287.68,0.51,n,2024-01-06,1938,N,N,9,industrial,1064.9336944175363,,,6569_25023,3,3,3,0.42857142857142855,0.6900000000000001,0.19078784028338916,-0.9434563530497265,1,0,1,other_false_positive
660,22.21008,84.86484,299.14,288.55,0.97,n,2024-01-06,1938,N,N,179,power_plant,1858.416858458498,,,6571_25108,3,3,3,0.42857142857142855,1.2433333333333332,0.729474696842415,-0.37469885455448515,5,-5,1,other_false_positive
661,22.21056,84.86095,302.63,289.11,0.97,n,2024-01-06,1938,N,N,179,power_plant,1480.0712207605065,,,6571_25107,3,3,3,0.5714285714285714,1.13,0.372111094522411,-0.42997911740673367,5,-5,1,other_false_positive
662,22.21294,84.84151,320.87,288.24,2.08,n,2024-01-06,1938,N,N,179,power_plant,895.5201836702687,,,6572_25101,2,2,2,0.2857142857142857,1.62,0.6505382386916237,0.7071067811865475,5,-5,1,other_false_positive
663,22.21368,84.86928,320.19,288.24,2.82,n,2024-01-06,1938,N,N,232,power_plant,1319.4081205998023,,,6572_25109,5,5,5,0.7142857142857143,3.0933333333333333,0.9534498763263155,-0.2866782409018698,5,-5,1,other_false_positive
664,22.21416,84.8654,308.09,288.89,0.97,n,2024-01-06,1938,N,N,232,power_plant,1604.9247941692142,,,6572_25108,3,3,3,0.5714285714285714,2.36,1.6320334963882739,-0.8516982053837133,5,-5,1,other_false_positive
665,22.21933,84.75507,300.92,287.71,0.98,n,2024-01-06,1938,N,N,95,industrial,218.65292445567147,,,6574_25075,4,4,4,0.42857142857142855,1.3525,0.5487789476039813,-0.6787796828328946,3,0,1,other_false_positive
666,22.22392,84.7517,301.03,288.35,1.56,n,2024-01-06,1938,N,N,95,industrial,503.70187858918223,,,6575_25074,4,4,4,0.7142857142857143,1.3439999999999999,0.3884971042363121,0.5559887001593025,3,0,1,other_false_positive
667,22.22706,84.76016,297.68,287.15,0.72,n,2024-01-06,1938,N,N,83,industrial,492.78830477191025,,,6576_25077,1,1,1,0.14285714285714285,0.72,0.1,0.0,3,0,1,other_false_positive
668,21.01507,83.59708,331.89,295.83,4.87,n,2024-01-07,650,N,D,281,industrial,8526.07137223856,,,6217_24733,1,1,1,0.14285714285714285,4.87,0.1,0.0,1,0,1,other_false_positive
669,21.17113,83.10671,326.87,294.01,2.4,n,2024-01-07,651,N,D,134,industrial,13479.90179567137,,,6264_24588,1,1,1,0.14285714285714285,2.4,0.1,0.0,1,0,1,other_false_positive
670,21.28609,83.02716,330.34,295.68,3.22,n,2024-01-07,651,N,D,33,power_plant,3966.8711967019203,,,6298_24564,1,1,1,0.14285714285714285,3.22,0.1,0.0,1,-1,1,other_false_positive
671,21.30433,83.02233,336.81,295.39,4.21,n,2024-01-07,651,N,D,33,power_plant,2418.645467293697,,,6303_24563,1,1,1,0.14285714285714285,4.21,0.1,0.0,3,-1,1,other_false_positive
672,21.32842,83.04269,333.26,295.13,5.52,n,2024-01-07,651,N,D,33,power_plant,1006.4332156881084,,,6310_24569,1,1,1,0.14285714285714285,5.52,0.1,0.0,3,-1,1,other_false_positive
673,21.32957,83.04767,334.07,296.79,7.25,n,2024-01-07,651,N,D,33,power_plant,1419.2469413034248,,,6311_24570,1,1,1,0.14285714285714285,7.25,0.1,0.0,3,-1,1,other_false_positive
674,21.34262,83.8386,327.44,293.92,1.67,n,2024-01-07,651,N,D,204,industrial,906.829623467814,,,6314_24804,1,1,1,0.14285714285714285,1.67,0.1,0.0,3,2,1,other_false_positive
675,21.34631,83.83799,333.38,294.46,2.52,n,2024-01-07,651,N,D,204,industrial,1314.8858383410673,,,6315_24804,1,1,1,0.14285714285714285,2.52,0.1,0.0,3,2,1,other_false_positive
676,21.36206,83.77241,329.24,293.28,2.77,n,2024-01-07,651,N,D,296,industrial,818.6512842660682,,,6320_24785,1,1,1,0.14285714285714285,2.77,0.1,0.0,2,-1,1,other_false_positive
677,21.37604,83.80666,332.06,293.62,3.04,n,2024-01-07,651,N,D,298,industrial,793.3027872728318,,,6324_24795,1,1,1,0.14285714285714285,3.04,0.1,0.0,3,2,1,other_false_positive
678,21.38297,83.64658,331.76,293.77,3.31,n,2024-01-07,651,N,D,272,quarry,1188.63912249067,,,6326_24748,1,1,1,0.14285714285714285,3.31,0.1,0.0,1,-2,1,other_false_positive
679,21.48475,83.11045,337.72,293.77,10.63,n,2024-01-07,651,N,D,66,quarry,18910.33649587553,,,6356_24589,1,1,1,0.14285714285714285,10.63,0.1,0.0,11,9,1,other_false_positive
680,21.48515,83.11386,367.0,296.33,7.51,h,2024-01-07,651,N,D,66,quarry,18998.75543884424,,,6357_24590,3,3,3,0.14285714285714285,8.333333333333334,4.580833257534412,-0.17973440355619605,11,9,1,other_false_positive
681,21.48591,83.11537,344.98,295.18,13.27,n,2024-01-07,651,N,D,66,quarry,18980.280979048148,,,6357_24590,3,3,3,0.14285714285714285,8.333333333333334,4.580833257534412,1.07767875168715,11,9,1,other_false_positive
682,21.49119,83.11234,325.57,293.57,7.51,n,2024-01-07,651,N,D,66,quarry,18319.912961164373,,,6358_24589,1,1,1,0.14285714285714285,7.51,0.1,0.0,11,9,1,other_false_positive
683,21.49234,84.0248,325.08,294.59,1.6,n,2024-01-07,651,N,D,105,industrial_works,10234.117083862497,,,6359_24859,1,1,1,0.14285714285714285,1.6,0.1,0.0,1,0,1,other_false_positive
684,21.49725,83.11086,331.19,293.37,4.16,n,2024-01-07,651,N,D,66,quarry,17641.27973151635,,,6360_24589,2,2,2,0.14285714285714285,4.98,1.1596551211459374,-0.7071067811865481,11,9,1,other_false_positive
685,21.498,83.11234,330.51,293.5,5.8,n,2024-01-07,651,N,D,66,quarry,17624.8045840061,,,6360_24589,2,2,2,0.14285714285714285,4.98,1.1596551211459374,0.7071067811865474,11,9,1,other_false_positive
686,21.50947,83.16103,327.44,293.75,4.79,n,2024-01-07,651,N,D,66,quarry,19154.818283820663,,,6364_24604,1,1,1,0.14285714285714285,4.79,0.1,0.0,2,0,1,other_false_positive
687,21.50953,83.16461,337.5,294.93,5.06,n,2024-01-07,651,N,D,66,quarry,19384.51883279018,,,6364_24605,1,1,1,0.14285714285714285,5.06,0.1,0.0,2,0,1,other_false_positive
688,21.61417,83.09113,336.99,294.09,3.54,n,2024-01-07,651,N,D,66,quarry,5816.1145142130545,,,6395_24583,2,2,2,0.14285714285714285,3.605,0.1,-0.6499999999999995,2,1,1,other_false_positive
689,21.61478,83.09205,333.7,294.12,3.67,n,2024-01-07,651,N,D,66,quarry,5856.759117243594,,,6395_24583,2,2,2,0.14285714285714285,3.605,0.1,0.6499999999999995,2,1,1,other_false_positive
690,21.64976,83.32895,325.58,293.69,2.63,n,2024-01-07,651,N,D,67,quarry,5194.6206188745755,,,6405_24654,1,1,1,0.14285714285714285,2.63,0.1,0.0,2,-12,1,other_false_positive
691,21.71843,83.42968,367.0,294.36,9.73,h,2024-01-07,651,N,D,43,power_plant,4673.718032003488,,,6426_24683,1,1,1,0.14285714285714285,9.73,0.1,0.0,1,0,1,other_false_positive
692,21.76433,83.15704,328.37,293.86,2.81,n,2024-01-07,651,N,D,65,quarry,9251.814731364331,,,6439_24603,1,1,1,0.14285714285714285,2.81,0.1,0.0,2,1,1,other_false_positive
693,21.83283,83.12373,340.85,292.57,4.86,n,2024-01-07,651,N,D,34,power_plant,5989.397762875088,,,6459_24593,1,1,1,0.14285714285714285,4.86,0.1,0.0,2,1,1,other_false_positive
694,21.83342,83.12489,339.6,293.04,5.62,n,2024-01-07,651,N,D,34,power_plant,5931.823491475252,,,6460_24593,1,1,1,0.14285714285714285,5.62,0.1,0.0,2,1,1,other_false_positive
695,21.84896,83.2178,325.16,291.22,1.65,n,2024-01-07,651,N,D,25,power_plant,7203.481921555084,,,6464_24621,1,1,1,0.14285714285714285,1.65,0.1,0.0,3,2,1,other_false_positive
696,21.85377,83.21546,327.36,292.18,3.39,n,2024-01-07,651,N,D,25,power_plant,6619.042451881144,,,6466_24620,2,2,2,0.14285714285714285,3.0,0.5515432893255072,0.7071067811865476,3,2,1,other_false_positive
697,21.85492,83.21626,327.05,292.78,2.61,n,2024-01-07,651,N,D,25,power_plant,6532.198930253143,,,6466_24620,2,2,2,0.14285714285714285,3.0,0.5515432893255072,-0.7071067811865476,3,2,1,other_false_positive
698,22.2155,84.84153,330.25,294.39,3.0,n,2024-01-07,651,N,D,179,power_plant,770.8433199069777,,,6573_25101,3,3,3,0.14285714285714285,1.8033333333333335,1.270524825941364,0.9418679920559805,9,4,1,other_false_positive
699,22.21592,84.84065,326.68,294.03,1.94,n,2024-01-07,651,N,D,179,power_plant,847.7123299005416,,,6573_25101,3,3,3,0.14285714285714285,1.8033333333333335,1.270524825941364,0.10756709658578037,9,4,1,other_false_positive
700,21.34433,83.20615,329.43,293.24,6.69,n,2024-01-07,831,N,D,144,industrial,14185.195899606964,,,6315_24617,1,1,1,0.14285714285714285,6.69,0.1,0.0,1,0,1,other_false_positive
701,21.37095,83.78579,332.05,291.9,5.42,n,2024-01-07,831,N,D,301,industrial,1078.4733687421115,,,6323_24789,1,1,1,0.14285714285714285,5.42,0.1,0.0,2,-1,1,other_false_positive
702,21.48455,83.10895,329.97,293.31,4.22,n,2024-01-07,831,N,D,66,quarry,18875.932025004924,,,6356_24588,1,1,1,0.14285714285714285,4.22,0.1,0.0,11,9,1,other_false_positive
703,21.48505,83.11511,328.08,294.02,4.22,n,2024-01-07,831,N,D,66,quarry,19057.98406230969,,,6357_24590,3,3,3,0.14285714285714285,8.333333333333334,4.580833257534412,-0.8979443481309545,11,9,1,other_false_positive
704,21.48832,83.11125,334.08,293.19,13.53,n,2024-01-07,831,N,D,66,quarry,18572.222828792357,,,6357_24589,1,1,1,0.14285714285714285,13.53,0.1,0.0,11,9,1,other_false_positive
705,21.4917,83.11454,328.01,293.27,4.22,n,2024-01-07,831,N,D,66,quarry,18355.912505071872,,,6358_24590,1,1,1,0.14285714285714285,4.22,0.1,0.0,11,9,1,other_false_positive
706,21.49543,83.11678,336.95,293.53,6.57,n,2024-01-07,831,N,D,66,quarry,18070.868765194457,,,6360_24591,1,1,1,0.14285714285714285,6.57,0.1,0.0,11,9,1,other_false_positive
707,21.64816,83.39993,337.58,292.76,4.95,n,2024-01-07,831,N,D,177,industrial,4616.882214944474,,,6405_24675,1,1,1,0.14285714285714285,4.95,0.1,0.0,2,-12,1,other_false_positive
708,21.76743,83.15542,334.46,293.44,4.82,n,2024-01-07,831,N,D,65,quarry,9050.018583324603,,,6440_24602,1,1,1,0.14285714285714285,4.82,0.1,0.0,2,1,1,other_false_positive
709,21.94677,83.03598,328.97,292.46,2.21,n,2024-01-07,831,N,D,35,power_plant,10618.53717742765,,,6493_24567,1,1,1,0.14285714285714285,2.21,0.1,0.0,1,-1,1,other_false_positive
710,22.03992,83.73547,326.66,292.09,4.76,n,2024-01-07,831,N,D,59,quarry,2214.7330178087104,,,6521_24774,8,8,8,0.7142857142857143,4.3,1.8616428996223429,0.2470935753002451,7,2,1,other_false_positive
711,22.04029,83.73697,327.53,292.26,7.17,n,2024-01-07,831,N,D,59,quarry,2110.1843001155917,,,6521_24774,8,8,8,0.7142857142857143,4.3,1.8616428996223429,1.5416490458950076,7,2,1,other_false_positive
712,21.67803,84.03933,303.18,287.64,1.09,n,2024-01-07,1919,N,N,304,industrial,379.0683419624208,,,6414_24864,9,9,9,0.8571428571428571,2.6955555555555555,1.2316057720625453,-1.3036278263512553,6,3,1,industrial_persistent
713,21.6782,84.03709,320.38,289.85,3.25,n,2024-01-07,1919,N,N,304,industrial,590.7608057704508,,,6414_24863,4,4,4,0.5714285714285714,2.545,0.847919021290752,0.8314473225601281,6,3,1,other_false_positive
714,21.67841,84.03496,308.14,288.0,1.09,n,2024-01-07,1919,N,N,304,industrial,804.6971992346636,,,6414_24862,1,1,1,0.14285714285714285,1.09,0.1,0.0,6,3,1,other_false_positive
715,21.68384,84.03993,300.85,288.55,1.09,n,2024-01-07,1919,N,N,304,industrial,899.4223690746546,,,6415_24864,3,3,3,0.42857142857142855,1.3066666666666666,0.19553345834749947,-1.1080797552386632,6,3,1,other_false_positive
716,21.75447,83.84298,299.8,287.97,1.51,n,2024-01-07,1919,N,N,58,quarry,633.438542436901,,,6436_24806,1,1,1,0.14285714285714285,1.51,0.1,0.0,5,-2,1,other_false_positive
717,21.75487,83.83858,304.53,287.49,1.51,n,2024-01-07,1919,N,N,354,industrial,318.81004569143585,,,6436_24804,2,2,2,0.2857142857142857,2.41,1.2727922061357857,-0.7071067811865476,5,-2,1,other_false_positive
718,21.75589,84.02171,317.56,289.97,2.93,n,2024-01-07,1919,N,N,6,industrial,385.29818798843854,,,6437_24858,2,2,2,0.2857142857142857,3.005,0.1060660171779819,-0.7071067811865465,12,4,1,other_false_positive
719,21.75646,83.82092,300.96,287.23,0.88,n,2024-01-07,1919,N,N,49,quarry,691.8414102896019,,,6437_24799,2,2,2,0.2857142857142857,2.445,2.2132442251138937,-0.7071067811865475,5,-2,1,other_false_positive
720,21.76036,83.84358,321.31,289.37,1.51,n,2024-01-07,1919,N,N,352,industrial,895.2212088118125,,,6438_24806,5,5,5,0.5714285714285714,1.85,0.9280355596635292,-0.3663652717394485,5,-2,1,other_false_positive
721,21.76124,84.01917,305.21,290.17,1.3,n,2024-01-07,1919,N,N,6,industrial,288.3972656230262,,,6438_24858,4,4,4,0.42857142857142855,3.005,1.7148469319446564,-0.9942578362177842,12,4,1,other_false_positive
722,21.76211,84.01798,305.7,290.09,1.18,n,2024-01-07,1919,N,N,6,industrial,443.3355222146661,,,6438_24857,1,1,1,0.14285714285714285,1.18,0.1,0.0,12,4,1,other_false_positive
723,21.76706,84.01983,302.51,288.5,1.3,n,2024-01-07,1919,N,N,408,power_plant,407.4804416169261,,,6440_24858,6,6,6,0.7142857142857143,2.436666666666667,1.721785894548642,-0.6601672543987467,12,4,1,industrial_persistent
724,21.76744,84.01538,299.78,288.86,1.3,n,2024-01-07,1919,N,N,408,power_plant,442.56348951778995,,,6440_24857,4,4,4,0.5714285714285714,2.0975,1.162938089495739,-0.6857630747530195,12,4,1,other_false_positive
725,21.76752,84.023,301.66,288.11,1.18,n,2024-01-07,1919,N,N,408,power_plant,589.2356163089966,,,6440_24859,3,3,3,0.42857142857142855,1.16,0.6002499479383567,0.03331945311897626,12,4,1,other_false_positive
726,21.76793,84.01862,309.76,289.33,1.18,n,2024-01-07,1919,N,N,408,power_plant,278.76675897492566,,,6440_24858,6,6,6,0.7142857142857143,2.436666666666667,1.721785894548642,-0.7298623311094649,12,4,1,industrial_persistent
727,21.77288,84.02044,301.05,287.91,1.16,n,2024-01-07,1919,N,N,408,power_plant,356.11880431724416,,,6442_24858,3,3,3,0.2857142857142857,1.21,0.3080584360149873,-0.162306868290299,12,4,1,other_false_positive
728,21.77375,84.01922,300.3,287.77,0.93,n,2024-01-07,1919,N,N,408,power_plant,383.1731676076385,,,6442_24858,3,3,3,0.2857142857142857,1.21,0.3080584360149873,-0.9089184624256733,12,4,1,other_false_positive
729,21.87917,83.55212,300.5,286.51,1.2,n,2024-01-07,1919,N,N,62,industrial,325.74856228988847,,,6473_24720,4,4,4,0.5714285714285714,1.415,0.3431714828867146,-0.6265089342256751,2,0,1,other_false_positive
730,21.92128,83.34933,326.68,291.15,4.42,n,2024-01-07,1919,N,N,399,power_plant,644.0066483852166,,,6486_24660,10,10,10,0.7142857142857143,3.918,1.424849309771232,0.35231795850790626,7,2,1,other_false_positive
731,21.92224,83.35098,316.72,290.2,2.46,n,2024-01-07,1919,N,N,399,power_plant,713.1919255349235,,,6486_24660,10,10,10,0.7142857142857143,3.918,1.424849309771232,-1.0232661025986605,7,2,1,other_false_positive
732,21.92263,83.34612,307.59,288.55,4.54,n,2024-01-07,1919,N,N,399,power_plant,334.90703416835436,,,6486_24659,3,3,3,0.42857142857142855,3.1,1.2781236246936367,1.1266515790639302,7,2,1,other_false_positive
733,21.92343,83.33633,300.76,287.72,1.4,n,2024-01-07,1919,N,N,399,power_plant,925.2319453310342,,,6486_24656,3,3,3,0.42857142857142855,3.483333333333333,1.9716067897360605,-1.0566677616342706,7,2,1,other_false_positive
734,21.92864,83.33534,300.54,287.84,2.9,n,2024-01-07,1919,N,N,399,power_plant,1059.330372642447,,,6488_24655,1,1,1,0.14285714285714285,2.9,0.1,0.0,7,2,1,other_false_positive
735,21.9295,83.33701,309.09,289.45,1.4,n,2024-01-07,1919,N,N,399,power_plant,939.6316873730615,,,6488_24656,1,1,1,0.14285714285714285,1.4,0.1,0.0,7,2,1,other_false_positive
736,22.03065,83.74313,297.51,286.31,0.94,n,2024-01-07,1919,N,N,59,quarry,1083.068722865935,,,6518_24776,1,1,1,0.14285714285714285,0.94,0.1,0.0,7,2,1,other_false_positive
737,22.03148,83.36303,297.88,286.65,0.97,n,2024-01-07,1919,N,N,125,industrial,2040.6661342147734,,,6518_24664,1,1,1,0.14285714285714285,0.97,0.1,0.0,6,5,1,other_false_positive
738,22.0321,83.3614,297.96,286.6,1.34,n,2024-01-07,1919,N,N,125,industrial,2220.724615253444,,,6518_24663,2,2,2,0.2857142857142857,1.3,0.1,0.40000000000000036,6,5,1,other_false_positive
739,22.03882,83.34933,304.97,287.15,1.57,n,2024-01-07,1919,N,N,46,industrial,2476.131086181937,,,6520_24660,4,4,4,0.42857142857142855,1.8,0.3206243908376279,-0.7173502907845762,6,5,1,other_false_positive
740,22.03895,83.35255,302.34,286.83,0.99,n,2024-01-07,1919,N,N,46,industrial,2616.8037234676076,,,6520_24661,4,4,4,0.5714285714285714,1.3625,0.4733832133342569,-0.7868889084095532,6,5,1,other_false_positive
741,22.03934,83.34767,298.07,286.43,1.11,n,2024-01-07,1919,N,N,46,industrial,2357.4571902372536,,,6521_24659,1,1,1,0.14285714285714285,1.11,0.1,0.0,6,5,1,other_false_positive
742,22.04333,83.735,303.38,287.52,1.36,n,2024-01-07,1919,N,N,350,quarry,2228.5192144417647,,,6522_24774,9,9,9,0.8571428571428571,2.0955555555555554,0.8400611750210683,-0.8755976081588439,7,2,1,other_false_positive
743,22.20245,84.576,297.3,287.28,0.42,n,2024-01-07,1919,N,N,409,industrial_works,1272.9918433738146,,,6569_25022,1,1,1,0.14285714285714285,0.42,0.1,0.0,1,0,1,other_false_positive
744,22.20951,84.86229,299.68,288.65,1.34,n,2024-01-07,1919,N,N,179,power_plant,1658.9928332922832,,,6571_25107,4,4,4,0.5714285714285714,1.13,0.372111094522411,0.5643475915963387,9,4,1,other_false_positive
745,22.21177,84.83871,307.31,287.11,1.25,n,2024-01-07,1919,N,N,179,power_plant,1208.9116142452147,,,6572_25100,1,1,1,0.14285714285714285,1.25,0.1,0.0,9,4,1,other_false_positive
746,22.21411,84.86542,316.76,287.87,2.46,n,2024-01-07,1919,N,N,232,power_plant,1606.1351053609364,,,6572_25108,4,4,4,0.5714285714285714,2.36,1.6320334963882739,0.061273252185878715,9,4,1,other_false_positive
747,22.21446,84.8615,299.75,289.24,1.41,n,2024-01-07,1919,N,N,179,power_plant,1364.450925095046,,,6572_25107,2,2,2,0.2857142857142857,1.605,0.2757716446627536,-0.7071067811865476,9,4,1,other_false_positive
748,22.21468,84.86678,320.72,287.93,3.01,n,2024-01-07,1919,N,N,232,power_plant,1453.8177837778946,,,6572_25109,6,6,6,0.7142857142857143,3.0933333333333333,0.9534498763263155,-0.08740190271398482,9,4,1,other_false_positive
749,22.21506,84.86287,299.63,288.61,1.34,n,2024-01-07,1919,N,N,179,power_plant,1488.6441797709558,,,6573_25107,1,1,1,0.14285714285714285,1.34,0.1,0.0,9,4,1,other_false_positive
750,22.2162,84.84189,299.01,287.04,0.47,n,2024-01-07,1919,N,N,179,power_plant,716.0420833941886,,,6573_25101,3,3,3,0.14285714285714285,1.8033333333333335,1.270524825941364,-1.0494350886417612,9,4,1,other_false_positive
751,22.22424,84.75122,301.7,288.07,1.14,n,2024-01-07,1919,N,N,95,industrial,552.1696614272458,,,6575_25074,5,5,5,0.7142857142857143,1.3439999999999999,0.3884971042363121,-0.5251004390393406,2,-1,1,other_false_positive
752,22.22561,84.75282,298.91,287.35,1.62,n,2024-01-07,1919,N,N,68,industrial,507.0448180107272,,,6576_25075,1,1,1,0.14285714285714285,1.62,0.1,0.0,2,-1,1,other_false_positive
753,22.22886,84.41322,297.66,286.99,0.51,n,2024-01-07,1919,N,N,368,quarry,8363.167250741346,,,6577_24974,1,1,1,0.14285714285714285,0.51,0.1,0.0,1,0,1,other_false_positive
754,21.67982,84.03942,312.67,287.64,2.62,n,2024-01-07,2100,N,N,304,industrial,515.0044124588046,,,6414_24864,9,9,9,0.8571428571428571,2.6955555555555555,1.2316057720625453,-0.06134719182829422,6,3,1,other_false_positive
755,21.6805,84.04097,310.66,287.77,3.49,n,2024-01-07,2100,N,N,304,industrial,513.9519426489844,,,6414_24864,9,9,9,0.8571428571428571,2.6955555555555555,1.2316057720625453,0.6450476787828013,6,3,1,other_false_positive
756,21.7562,84.02489,303.48,287.11,2.17,n,2024-01-07,2100,N,N,6,industrial,526.9820493806096,,,6437_24859,7,7,7,0.8571428571428571,2.7885714285714287,1.0967137057504808,-0.5640227028512793,12,4,1,other_false_positive
757,21.75882,83.84112,297.54,286.3,0.91,n,2024-01-07,2100,N,N,354,industrial,828.1494555598957,,,6438_24805,2,2,2,0.2857142857142857,0.895,0.1,0.15000000000000013,5,-2,1,other_false_positive
758,21.76465,84.02014,302.28,287.36,2.17,n,2024-01-07,2100,N,N,6,industrial,599.0393530334904,,,6439_24858,6,6,6,0.8571428571428571,2.231666666666667,0.6705047849692548,-0.09197050945653525,12,4,1,other_false_positive
759,21.77139,84.02217,297.19,286.3,1.16,n,2024-01-07,2100,N,N,408,power_plant,422.00789459482274,,,6441_24859,2,2,2,0.2857142857142857,1.15,0.1,0.10000000000000009,12,4,1,other_false_positive
760,21.87996,83.55708,300.59,286.16,1.63,n,2024-01-07,2100,N,N,62,industrial,272.1874895987169,,,6473_24721,3,3,3,0.42857142857142855,1.26,0.3235737937472686,1.1434795003485143,2,0,1,other_false_positive
761,21.92386,83.35089,313.89,289.17,2.99,n,2024-01-07,2100,N,N,10,industrial,572.153787826533,,,6486_24660,10,10,10,0.7142857142857143,3.918,1.424849309771232,-0.6512969432178031,7,2,1,other_false_positive
762,22.02114,83.74915,313.5,286.03,2.56,n,2024-01-07,2100,N,N,59,quarry,985.7185325608814,,,6515_24778,4,4,4,0.42857142857142855,2.0525,0.7056616280720764,0.7191832172971203,7,2,1,other_false_positive
763,22.03915,83.73405,298.08,285.51,1.87,n,2024-01-07,2100,N,N,59,quarry,2296.6068057435123,,,6520_24773,3,3,3,0.42857142857142855,3.0066666666666664,1.4139424787923067,-0.8038988033215675,7,2,1,other_false_positive
764,22.04004,83.35076,301.18,286.82,1.97,n,2024-01-07,2100,N,N,46,industrial,2420.3312819113016,,,6521_24660,1,1,1,0.14285714285714285,1.97,0.1,0.0,6,5,1,other_false_positive
765,22.04572,83.73618,306.08,286.81,1.72,n,2024-01-07,2100,N,N,350,quarry,2087.8910370087046,,,6522_24774,9,9,9,0.8571428571428571,2.0955555555555554,0.8400611750210683,-0.4470573890599535,7,2,1,other_false_positive
766,22.10561,83.52357,298.94,286.15,0.98,n,2024-01-07,2100,N,N,117,industrial,305.87581084444207,,,6540_24711,4,4,4,0.5714285714285714,1.5274999999999999,0.43980109140382995,-1.2448809489135162,1,-2,1,other_false_positive
